Workbook

Sheet Sommario
B1: Sommario
C2: Allenatore | D2: =IF(ISBLANK(Impostazioni!$D$9),"Inserisci dalle impostazioni",Impostazioni!$D$9) -> Inserisci dalle impostazioni
C3: Società | D3: =IF(ISBLANK(Impostazioni!$D$11),"Inserisci dalle impostazioni",Impostazioni!$D$11) -> Inserisci dalle impostazioni
C4: Squadra | D4: =IF(ISBLANK(Impostazioni!$D$15),"Inserisci dalle impostazioni",Impostazioni!$D$15) -> Inserisci dalle impostazioni
F6: Anno | G6: =Impostazioni!$D$5 -> 2025 | H6: =Impostazioni!$F$5 -> 2026 | I6: ←Inserisci la stagione nelle impostazioni
B8: =Impostazioni!$B$19&" - "&Impostazioni!$D$19&" | "&Impostazioni!$B$20&" - "&Impostazioni!$D$20&" | "&Impostazioni!$B$21&" - "&Impostazioni!$D$21&" | "&Impostazioni!$B$22&" - "&Impostazioni!$D$22&" | "&Impostazioni!$B$23&" - "&Impostazioni!$D$23 -> P - Presente | A - Assente | R - Ritardo | E - Impegno Pallavolistico | I - Infortunio
B10: Atleta | D10: Totali | O10: Allenamenti Totali: | Q10: =SUM(Agosto!AV10,Settembre!AV10,Ottobre!AV10,Novembre!AV10,Dicembre!AV10,Gennaio!AV10,Febbraio!AV10,Marzo!AV10,Aprile!AV10,Maggio!AV10,Giugno!AV10,Luglio!AV10) -> 0
B11: ID | C11: Nome | D11: =Impostazioni!$B$19 -> P | E11: =Impostazioni!$B$20 -> A | F11: =Impostazioni!$B$21 -> R | G11: =Impostazioni!$B$22 -> E | H11: =Impostazioni!$B$23 -> I | I11: =Impostazioni!$B$19 & "%" -> P% | J11: =Impostazioni!$B$20 & "%" -> A% | K11: =Impostazioni!$B$21 & "%" -> R% | L11: =Impostazioni!$B$22 & "%" -> E% | M11: =Impostazioni!$B$23 & "%" -> I%
B12: 1 | D12: {=IF(OR(ISBLANK($B12),ISBLANK($C12)),0,SUM(INDEX(Agosto!AI$12:AI$44,MATCH($B12,Agosto!$B$12:$B$44,0)),INDEX(Settembre!AI$12:AI$44,MATCH($B12,Settembre!$B$12:$B$44,0)),INDEX(Ottobre!AI$12:AI$44,MATCH($B12,Ottobre!$B$12:$B$44,0)),INDEX(Novembre!AI$12:AI$44,MATCH($B12,Novembre!$B$12:$B$44,0)),INDEX(Dicembre!AI$12:AI$44,MATCH($B12,Dicembre!$B$12:$B$44,0)),INDEX(Gennaio!AI$12:AI$44,MATCH($B12,Gennaio!$B$12:$B$44,0)),INDEX(Febbraio!AI$12:AI$44,MATCH($B12,Febbraio!$B$12:$B$44,0)),INDEX(Marzo!AI$12:AI$44,MATCH($B12,Marzo!$B$12:$B$44,0)),INDEX(Aprile!AI$12:AI$44,MATCH($B12,Aprile!$B$12:$B$44,0)),INDEX(Maggio!AI$12:AI$44,MATCH($B12,Maggio!$B$12:$B$44,0)),INDEX(Giugno!AI$12:AI$44,MATCH($B12,Giugno!$B$12:$B$44,0)),INDEX(Luglio!AI$12:AI$44,MATCH($B12,Luglio!$B$12:$B$44,0))))} -> 0 | E12: {=IF(OR(ISBLANK($B12),ISBLANK($C12)),0,SUM(INDEX(Agosto!AJ$12:AJ$44,MATCH($B12,Agosto!$B$12:$B$44,0)),INDEX(Settembre!AJ$12:AJ$44,MATCH($B12,Settembre!$B$12:$B$44,0)),INDEX(Ottobre!AJ$12:AJ$44,MATCH($B12,Ottobre!$B$12:$B$44,0)),INDEX(Novembre!AJ$12:AJ$44,MATCH($B12,Novembre!$B$12:$B$44,0)),INDEX(Dicembre!AJ$12:AJ$44,MATCH($B12,Dicembre!$B$12:$B$44,0)),INDEX(Gennaio!AJ$12:AJ$44,MATCH($B12,Gennaio!$B$12:$B$44,0)),INDEX(Febbraio!AJ$12:AJ$44,MATCH($B12,Febbraio!$B$12:$B$44,0)),INDEX(Marzo!AJ$12:AJ$44,MATCH($B12,Marzo!$B$12:$B$44,0)),INDEX(Aprile!AJ$12:AJ$44,MATCH($B12,Aprile!$B$12:$B$44,0)),INDEX(Maggio!AJ$12:AJ$44,MATCH($B12,Maggio!$B$12:$B$44,0)),INDEX(Giugno!AJ$12:AJ$44,MATCH($B12,Giugno!$B$12:$B$44,0)),INDEX(Luglio!AJ$12:AJ$44,MATCH($B12,Luglio!$B$12:$B$44,0))))} -> 0 | F12: {=IF(OR(ISBLANK($B12),ISBLANK($C12)),0,SUM(INDEX(Agosto!AK$12:AK$44,MATCH($B12,Agosto!$B$12:$B$44,0)),INDEX(Settembre!AK$12:AK$44,MATCH($B12,Settembre!$B$12:$B$44,0)),INDEX(Ottobre!AK$12:AK$44,MATCH($B12,Ottobre!$B$12:$B$44,0)),INDEX(Novembre!AK$12:AK$44,MATCH($B12,Novembre!$B$12:$B$44,0)),INDEX(Dicembre!AK$12:AK$44,MATCH($B12,Dicembre!$B$12:$B$44,0)),INDEX(Gennaio!AK$12:AK$44,MATCH($B12,Gennaio!$B$12:$B$44,0)),INDEX(Febbraio!AK$12:AK$44,MATCH($B12,Febbraio!$B$12:$B$44,0)),INDEX(Marzo!AK$12:AK$44,MATCH($B12,Marzo!$B$12:$B$44,0)),INDEX(Aprile!AK$12:AK$44,MATCH($B12,Aprile!$B$12:$B$44,0)),INDEX(Maggio!AK$12:AK$44,MATCH($B12,Maggio!$B$12:$B$44,0)),INDEX(Giugno!AK$12:AK$44,MATCH($B12,Giugno!$B$12:$B$44,0)),INDEX(Luglio!AK$12:AK$44,MATCH($B12,Luglio!$B$12:$B$44,0))))} -> 0 | G12: {=IF(OR(ISBLANK($B12),ISBLANK($C12)),0,SUM(INDEX(Agosto!AL$12:AL$44,MATCH($B12,Agosto!$B$12:$B$44,0)),INDEX(Settembre!AL$12:AL$44,MATCH($B12,Settembre!$B$12:$B$44,0)),INDEX(Ottobre!AL$12:AL$44,MATCH($B12,Ottobre!$B$12:$B$44,0)),INDEX(Novembre!AL$12:AL$44,MATCH($B12,Novembre!$B$12:$B$44,0)),INDEX(Dicembre!AL$12:AL$44,MATCH($B12,Dicembre!$B$12:$B$44,0)),INDEX(Gennaio!AL$12:AL$44,MATCH($B12,Gennaio!$B$12:$B$44,0)),INDEX(Febbraio!AL$12:AL$44,MATCH($B12,Febbraio!$B$12:$B$44,0)),INDEX(Marzo!AL$12:AL$44,MATCH($B12,Marzo!$B$12:$B$44,0)),INDEX(Aprile!AL$12:AL$44,MATCH($B12,Aprile!$B$12:$B$44,0)),INDEX(Maggio!AL$12:AL$44,MATCH($B12,Maggio!$B$12:$B$44,0)),INDEX(Giugno!AL$12:AL$44,MATCH($B12,Giugno!$B$12:$B$44,0)),INDEX(Luglio!AL$12:AL$44,MATCH($B12,Luglio!$B$12:$B$44,0))))} -> 0 | H12: {=IF(OR(ISBLANK($B12),ISBLANK($C12)),0,SUM(INDEX(Agosto!AM$12:AM$44,MATCH($B12,Agosto!$B$12:$B$44,0)),INDEX(Settembre!AM$12:AM$44,MATCH($B12,Settembre!$B$12:$B$44,0)),INDEX(Ottobre!AM$12:AM$44,MATCH($B12,Ottobre!$B$12:$B$44,0)),INDEX(Novembre!AM$12:AM$44,MATCH($B12,Novembre!$B$12:$B$44,0)),INDEX(Dicembre!AM$12:AM$44,MATCH($B12,Dicembre!$B$12:$B$44,0)),INDEX(Gennaio!AM$12:AM$44,MATCH($B12,Gennaio!$B$12:$B$44,0)),INDEX(Febbraio!AM$12:AM$44,MATCH($B12,Febbraio!$B$12:$B$44,0)),INDEX(Marzo!AM$12:AM$44,MATCH($B12,Marzo!$B$12:$B$44,0)),INDEX(Aprile!AM$12:AM$44,MATCH($B12,Aprile!$B$12:$B$44,0)),INDEX(Maggio!AM$12:AM$44,MATCH($B12,Maggio!$B$12:$B$44,0)),INDEX(Giugno!AM$12:AM$44,MATCH($B12,Giugno!$B$12:$B$44,0)),INDEX(Luglio!AM$12:AM$44,MATCH($B12,Luglio!$B$12:$B$44,0))))} -> 7 | I12: =IF(Q10=0,0,D12/Q10) -> 0 | J12: =IF(Q10=0,0,E12/Q10) -> 0 | K12: =IF(Q10=0,0,F12/Q10) -> 0 | L12: =IF(Q10=0,0,G12/Q10) -> 0 | M12: =IF(Q10=0,0,H12/Q10) -> 0
B13: 2 | D13: {=IF(OR(ISBLANK($B13),ISBLANK($C13)),0,SUM(INDEX(Agosto!AI$12:AI$44,MATCH($B13,Agosto!$B$12:$B$44,0)),INDEX(Settembre!AI$12:AI$44,MATCH($B13,Settembre!$B$12:$B$44,0)),INDEX(Ottobre!AI$12:AI$44,MATCH($B13,Ottobre!$B$12:$B$44,0)),INDEX(Novembre!AI$12:AI$44,MATCH($B13,Novembre!$B$12:$B$44,0)),INDEX(Dicembre!AI$12:AI$44,MATCH($B13,Dicembre!$B$12:$B$44,0)),INDEX(Gennaio!AI$12:AI$44,MATCH($B13,Gennaio!$B$12:$B$44,0)),INDEX(Febbraio!AI$12:AI$44,MATCH($B13,Febbraio!$B$12:$B$44,0)),INDEX(Marzo!AI$12:AI$44,MATCH($B13,Marzo!$B$12:$B$44,0)),INDEX(Aprile!AI$12:AI$44,MATCH($B13,Aprile!$B$12:$B$44,0)),INDEX(Maggio!AI$12:AI$44,MATCH($B13,Maggio!$B$12:$B$44,0)),INDEX(Giugno!AI$12:AI$44,MATCH($B13,Giugno!$B$12:$B$44,0)),INDEX(Luglio!AI$12:AI$44,MATCH($B13,Luglio!$B$12:$B$44,0))))} -> 6 | E13: {=IF(OR(ISBLANK($B13),ISBLANK($C13)),0,SUM(INDEX(Agosto!AJ$12:AJ$44,MATCH($B13,Agosto!$B$12:$B$44,0)),INDEX(Settembre!AJ$12:AJ$44,MATCH($B13,Settembre!$B$12:$B$44,0)),INDEX(Ottobre!AJ$12:AJ$44,MATCH($B13,Ottobre!$B$12:$B$44,0)),INDEX(Novembre!AJ$12:AJ$44,MATCH($B13,Novembre!$B$12:$B$44,0)),INDEX(Dicembre!AJ$12:AJ$44,MATCH($B13,Dicembre!$B$12:$B$44,0)),INDEX(Gennaio!AJ$12:AJ$44,MATCH($B13,Gennaio!$B$12:$B$44,0)),INDEX(Febbraio!AJ$12:AJ$44,MATCH($B13,Febbraio!$B$12:$B$44,0)),INDEX(Marzo!AJ$12:AJ$44,MATCH($B13,Marzo!$B$12:$B$44,0)),INDEX(Aprile!AJ$12:AJ$44,MATCH($B13,Aprile!$B$12:$B$44,0)),INDEX(Maggio!AJ$12:AJ$44,MATCH($B13,Maggio!$B$12:$B$44,0)),INDEX(Giugno!AJ$12:AJ$44,MATCH($B13,Giugno!$B$12:$B$44,0)),INDEX(Luglio!AJ$12:AJ$44,MATCH($B13,Luglio!$B$12:$B$44,0))))} -> 1 | F13: {=IF(OR(ISBLANK($B13),ISBLANK($C13)),0,SUM(INDEX(Agosto!AK$12:AK$44,MATCH($B13,Agosto!$B$12:$B$44,0)),INDEX(Settembre!AK$12:AK$44,MATCH($B13,Settembre!$B$12:$B$44,0)),INDEX(Ottobre!AK$12:AK$44,MATCH($B13,Ottobre!$B$12:$B$44,0)),INDEX(Novembre!AK$12:AK$44,MATCH($B13,Novembre!$B$12:$B$44,0)),INDEX(Dicembre!AK$12:AK$44,MATCH($B13,Dicembre!$B$12:$B$44,0)),INDEX(Gennaio!AK$12:AK$44,MATCH($B13,Gennaio!$B$12:$B$44,0)),INDEX(Febbraio!AK$12:AK$44,MATCH($B13,Febbraio!$B$12:$B$44,0)),INDEX(Marzo!AK$12:AK$44,MATCH($B13,Marzo!$B$12:$B$44,0)),INDEX(Aprile!AK$12:AK$44,MATCH($B13,Aprile!$B$12:$B$44,0)),INDEX(Maggio!AK$12:AK$44,MATCH($B13,Maggio!$B$12:$B$44,0)),INDEX(Giugno!AK$12:AK$44,MATCH($B13,Giugno!$B$12:$B$44,0)),INDEX(Luglio!AK$12:AK$44,MATCH($B13,Luglio!$B$12:$B$44,0))))} -> 0 | G13: {=IF(OR(ISBLANK($B13),ISBLANK($C13)),0,SUM(INDEX(Agosto!AL$12:AL$44,MATCH($B13,Agosto!$B$12:$B$44,0)),INDEX(Settembre!AL$12:AL$44,MATCH($B13,Settembre!$B$12:$B$44,0)),INDEX(Ottobre!AL$12:AL$44,MATCH($B13,Ottobre!$B$12:$B$44,0)),INDEX(Novembre!AL$12:AL$44,MATCH($B13,Novembre!$B$12:$B$44,0)),INDEX(Dicembre!AL$12:AL$44,MATCH($B13,Dicembre!$B$12:$B$44,0)),INDEX(Gennaio!AL$12:AL$44,MATCH($B13,Gennaio!$B$12:$B$44,0)),INDEX(Febbraio!AL$12:AL$44,MATCH($B13,Febbraio!$B$12:$B$44,0)),INDEX(Marzo!AL$12:AL$44,MATCH($B13,Marzo!$B$12:$B$44,0)),INDEX(Aprile!AL$12:AL$44,MATCH($B13,Aprile!$B$12:$B$44,0)),INDEX(Maggio!AL$12:AL$44,MATCH($B13,Maggio!$B$12:$B$44,0)),INDEX(Giugno!AL$12:AL$44,MATCH($B13,Giugno!$B$12:$B$44,0)),INDEX(Luglio!AL$12:AL$44,MATCH($B13,Luglio!$B$12:$B$44,0))))} -> 0 | H13: {=IF(OR(ISBLANK($B13),ISBLANK($C13)),0,SUM(INDEX(Agosto!AM$12:AM$44,MATCH($B13,Agosto!$B$12:$B$44,0)),INDEX(Settembre!AM$12:AM$44,MATCH($B13,Settembre!$B$12:$B$44,0)),INDEX(Ottobre!AM$12:AM$44,MATCH($B13,Ottobre!$B$12:$B$44,0)),INDEX(Novembre!AM$12:AM$44,MATCH($B13,Novembre!$B$12:$B$44,0)),INDEX(Dicembre!AM$12:AM$44,MATCH($B13,Dicembre!$B$12:$B$44,0)),INDEX(Gennaio!AM$12:AM$44,MATCH($B13,Gennaio!$B$12:$B$44,0)),INDEX(Febbraio!AM$12:AM$44,MATCH($B13,Febbraio!$B$12:$B$44,0)),INDEX(Marzo!AM$12:AM$44,MATCH($B13,Marzo!$B$12:$B$44,0)),INDEX(Aprile!AM$12:AM$44,MATCH($B13,Aprile!$B$12:$B$44,0)),INDEX(Maggio!AM$12:AM$44,MATCH($B13,Maggio!$B$12:$B$44,0)),INDEX(Giugno!AM$12:AM$44,MATCH($B13,Giugno!$B$12:$B$44,0)),INDEX(Luglio!AM$12:AM$44,MATCH($B13,Luglio!$B$12:$B$44,0))))} -> 0 | I13: =IF(Q10=0,0,D13/Q10) -> 0 | J13: =IF(Q10=0,0,E13/Q10) -> 0 | K13: =IF(Q10=0,0,F13/Q10) -> 0 | L13: =IF(Q10=0,0,G13/Q10) -> 0 | M13: =IF(Q10=0,0,H13/Q10) -> 0
B14: 3 | D14: =IF(OR(ISBLANK($B14),ISBLANK($C14)),0,SUM(INDEX(Agosto!AI$12:AI$44,MATCH($B14,Agosto!$B$12:$B$44,0)),INDEX(Settembre!AI$12:AI$44,MATCH($B14,Settembre!$B$12:$B$44,0)),INDEX(Ottobre!AI$12:AI$44,MATCH($B14,Ottobre!$B$12:$B$44,0)),INDEX(Novembre!AI$12:AI$44,MATCH($B14,Novembre!$B$12:$B$44,0)),INDEX(Dicembre!AI$12:AI$44,MATCH($B14,Dicembre!$B$12:$B$44,0)),INDEX(Gennaio!AI$12:AI$44,MATCH($B14,Gennaio!$B$12:$B$44,0)),INDEX(Febbraio!AI$12:AI$44,MATCH($B14,Febbraio!$B$12:$B$44,0)),INDEX(Marzo!AI$12:AI$44,MATCH($B14,Marzo!$B$12:$B$44,0)),INDEX(Aprile!AI$12:AI$44,MATCH($B14,Aprile!$B$12:$B$44,0)),INDEX(Maggio!AI$12:AI$44,MATCH($B14,Maggio!$B$12:$B$44,0)),INDEX(Giugno!AI$12:AI$44,MATCH($B14,Giugno!$B$12:$B$44,0)),INDEX(Luglio!AI$12:AI$44,MATCH($B14,Luglio!$B$12:$B$44,0)))) -> 0 | E14: =IF(OR(ISBLANK($B14),ISBLANK($C14)),0,SUM(INDEX(Agosto!AJ$12:AJ$44,MATCH($B14,Agosto!$B$12:$B$44,0)),INDEX(Settembre!AJ$12:AJ$44,MATCH($B14,Settembre!$B$12:$B$44,0)),INDEX(Ottobre!AJ$12:AJ$44,MATCH($B14,Ottobre!$B$12:$B$44,0)),INDEX(Novembre!AJ$12:AJ$44,MATCH($B14,Novembre!$B$12:$B$44,0)),INDEX(Dicembre!AJ$12:AJ$44,MATCH($B14,Dicembre!$B$12:$B$44,0)),INDEX(Gennaio!AJ$12:AJ$44,MATCH($B14,Gennaio!$B$12:$B$44,0)),INDEX(Febbraio!AJ$12:AJ$44,MATCH($B14,Febbraio!$B$12:$B$44,0)),INDEX(Marzo!AJ$12:AJ$44,MATCH($B14,Marzo!$B$12:$B$44,0)),INDEX(Aprile!AJ$12:AJ$44,MATCH($B14,Aprile!$B$12:$B$44,0)),INDEX(Maggio!AJ$12:AJ$44,MATCH($B14,Maggio!$B$12:$B$44,0)),INDEX(Giugno!AJ$12:AJ$44,MATCH($B14,Giugno!$B$12:$B$44,0)),INDEX(Luglio!AJ$12:AJ$44,MATCH($B14,Luglio!$B$12:$B$44,0)))) -> 0 | F14: =IF(OR(ISBLANK($B14),ISBLANK($C14)),0,SUM(INDEX(Agosto!AK$12:AK$44,MATCH($B14,Agosto!$B$12:$B$44,0)),INDEX(Settembre!AK$12:AK$44,MATCH($B14,Settembre!$B$12:$B$44,0)),INDEX(Ottobre!AK$12:AK$44,MATCH($B14,Ottobre!$B$12:$B$44,0)),INDEX(Novembre!AK$12:AK$44,MATCH($B14,Novembre!$B$12:$B$44,0)),INDEX(Dicembre!AK$12:AK$44,MATCH($B14,Dicembre!$B$12:$B$44,0)),INDEX(Gennaio!AK$12:AK$44,MATCH($B14,Gennaio!$B$12:$B$44,0)),INDEX(Febbraio!AK$12:AK$44,MATCH($B14,Febbraio!$B$12:$B$44,0)),INDEX(Marzo!AK$12:AK$44,MATCH($B14,Marzo!$B$12:$B$44,0)),INDEX(Aprile!AK$12:AK$44,MATCH($B14,Aprile!$B$12:$B$44,0)),INDEX(Maggio!AK$12:AK$44,MATCH($B14,Maggio!$B$12:$B$44,0)),INDEX(Giugno!AK$12:AK$44,MATCH($B14,Giugno!$B$12:$B$44,0)),INDEX(Luglio!AK$12:AK$44,MATCH($B14,Luglio!$B$12:$B$44,0)))) -> 0 | G14: =IF(OR(ISBLANK($B14),ISBLANK($C14)),0,SUM(INDEX(Agosto!AL$12:AL$44,MATCH($B14,Agosto!$B$12:$B$44,0)),INDEX(Settembre!AL$12:AL$44,MATCH($B14,Settembre!$B$12:$B$44,0)),INDEX(Ottobre!AL$12:AL$44,MATCH($B14,Ottobre!$B$12:$B$44,0)),INDEX(Novembre!AL$12:AL$44,MATCH($B14,Novembre!$B$12:$B$44,0)),INDEX(Dicembre!AL$12:AL$44,MATCH($B14,Dicembre!$B$12:$B$44,0)),INDEX(Gennaio!AL$12:AL$44,MATCH($B14,Gennaio!$B$12:$B$44,0)),INDEX(Febbraio!AL$12:AL$44,MATCH($B14,Febbraio!$B$12:$B$44,0)),INDEX(Marzo!AL$12:AL$44,MATCH($B14,Marzo!$B$12:$B$44,0)),INDEX(Aprile!AL$12:AL$44,MATCH($B14,Aprile!$B$12:$B$44,0)),INDEX(Maggio!AL$12:AL$44,MATCH($B14,Maggio!$B$12:$B$44,0)),INDEX(Giugno!AL$12:AL$44,MATCH($B14,Giugno!$B$12:$B$44,0)),INDEX(Luglio!AL$12:AL$44,MATCH($B14,Luglio!$B$12:$B$44,0)))) -> 0 | H14: =IF(OR(ISBLANK($B14),ISBLANK($C14)),0,SUM(INDEX(Agosto!AM$12:AM$44,MATCH($B14,Agosto!$B$12:$B$44,0)),INDEX(Settembre!AM$12:AM$44,MATCH($B14,Settembre!$B$12:$B$44,0)),INDEX(Ottobre!AM$12:AM$44,MATCH($B14,Ottobre!$B$12:$B$44,0)),INDEX(Novembre!AM$12:AM$44,MATCH($B14,Novembre!$B$12:$B$44,0)),INDEX(Dicembre!AM$12:AM$44,MATCH($B14,Dicembre!$B$12:$B$44,0)),INDEX(Gennaio!AM$12:AM$44,MATCH($B14,Gennaio!$B$12:$B$44,0)),INDEX(Febbraio!AM$12:AM$44,MATCH($B14,Febbraio!$B$12:$B$44,0)),INDEX(Marzo!AM$12:AM$44,MATCH($B14,Marzo!$B$12:$B$44,0)),INDEX(Aprile!AM$12:AM$44,MATCH($B14,Aprile!$B$12:$B$44,0)),INDEX(Maggio!AM$12:AM$44,MATCH($B14,Maggio!$B$12:$B$44,0)),INDEX(Giugno!AM$12:AM$44,MATCH($B14,Giugno!$B$12:$B$44,0)),INDEX(Luglio!AM$12:AM$44,MATCH($B14,Luglio!$B$12:$B$44,0)))) -> 0 | I14: =IF(Q10=0,0,D14/Q10) -> 0 | J14: =IF(Q10=0,0,E14/Q10) -> 0 | K14: =IF(Q10=0,0,F14/Q10) -> 0 | L14: =IF(Q10=0,0,G14/Q10) -> 0 | M14: =IF(Q10=0,0,H14/Q10) -> 0
B15: 4 | D15: =IF(OR(ISBLANK($B15),ISBLANK($C15)),0,SUM(INDEX(Agosto!AI$12:AI$44,MATCH($B15,Agosto!$B$12:$B$44,0)),INDEX(Settembre!AI$12:AI$44,MATCH($B15,Settembre!$B$12:$B$44,0)),INDEX(Ottobre!AI$12:AI$44,MATCH($B15,Ottobre!$B$12:$B$44,0)),INDEX(Novembre!AI$12:AI$44,MATCH($B15,Novembre!$B$12:$B$44,0)),INDEX(Dicembre!AI$12:AI$44,MATCH($B15,Dicembre!$B$12:$B$44,0)),INDEX(Gennaio!AI$12:AI$44,MATCH($B15,Gennaio!$B$12:$B$44,0)),INDEX(Febbraio!AI$12:AI$44,MATCH($B15,Febbraio!$B$12:$B$44,0)),INDEX(Marzo!AI$12:AI$44,MATCH($B15,Marzo!$B$12:$B$44,0)),INDEX(Aprile!AI$12:AI$44,MATCH($B15,Aprile!$B$12:$B$44,0)),INDEX(Maggio!AI$12:AI$44,MATCH($B15,Maggio!$B$12:$B$44,0)),INDEX(Giugno!AI$12:AI$44,MATCH($B15,Giugno!$B$12:$B$44,0)),INDEX(Luglio!AI$12:AI$44,MATCH($B15,Luglio!$B$12:$B$44,0)))) -> 0 | E15: =IF(OR(ISBLANK($B15),ISBLANK($C15)),0,SUM(INDEX(Agosto!AJ$12:AJ$44,MATCH($B15,Agosto!$B$12:$B$44,0)),INDEX(Settembre!AJ$12:AJ$44,MATCH($B15,Settembre!$B$12:$B$44,0)),INDEX(Ottobre!AJ$12:AJ$44,MATCH($B15,Ottobre!$B$12:$B$44,0)),INDEX(Novembre!AJ$12:AJ$44,MATCH($B15,Novembre!$B$12:$B$44,0)),INDEX(Dicembre!AJ$12:AJ$44,MATCH($B15,Dicembre!$B$12:$B$44,0)),INDEX(Gennaio!AJ$12:AJ$44,MATCH($B15,Gennaio!$B$12:$B$44,0)),INDEX(Febbraio!AJ$12:AJ$44,MATCH($B15,Febbraio!$B$12:$B$44,0)),INDEX(Marzo!AJ$12:AJ$44,MATCH($B15,Marzo!$B$12:$B$44,0)),INDEX(Aprile!AJ$12:AJ$44,MATCH($B15,Aprile!$B$12:$B$44,0)),INDEX(Maggio!AJ$12:AJ$44,MATCH($B15,Maggio!$B$12:$B$44,0)),INDEX(Giugno!AJ$12:AJ$44,MATCH($B15,Giugno!$B$12:$B$44,0)),INDEX(Luglio!AJ$12:AJ$44,MATCH($B15,Luglio!$B$12:$B$44,0)))) -> 0 | F15: =IF(OR(ISBLANK($B15),ISBLANK($C15)),0,SUM(INDEX(Agosto!AK$12:AK$44,MATCH($B15,Agosto!$B$12:$B$44,0)),INDEX(Settembre!AK$12:AK$44,MATCH($B15,Settembre!$B$12:$B$44,0)),INDEX(Ottobre!AK$12:AK$44,MATCH($B15,Ottobre!$B$12:$B$44,0)),INDEX(Novembre!AK$12:AK$44,MATCH($B15,Novembre!$B$12:$B$44,0)),INDEX(Dicembre!AK$12:AK$44,MATCH($B15,Dicembre!$B$12:$B$44,0)),INDEX(Gennaio!AK$12:AK$44,MATCH($B15,Gennaio!$B$12:$B$44,0)),INDEX(Febbraio!AK$12:AK$44,MATCH($B15,Febbraio!$B$12:$B$44,0)),INDEX(Marzo!AK$12:AK$44,MATCH($B15,Marzo!$B$12:$B$44,0)),INDEX(Aprile!AK$12:AK$44,MATCH($B15,Aprile!$B$12:$B$44,0)),INDEX(Maggio!AK$12:AK$44,MATCH($B15,Maggio!$B$12:$B$44,0)),INDEX(Giugno!AK$12:AK$44,MATCH($B15,Giugno!$B$12:$B$44,0)),INDEX(Luglio!AK$12:AK$44,MATCH($B15,Luglio!$B$12:$B$44,0)))) -> 0 | G15: =IF(OR(ISBLANK($B15),ISBLANK($C15)),0,SUM(INDEX(Agosto!AL$12:AL$44,MATCH($B15,Agosto!$B$12:$B$44,0)),INDEX(Settembre!AL$12:AL$44,MATCH($B15,Settembre!$B$12:$B$44,0)),INDEX(Ottobre!AL$12:AL$44,MATCH($B15,Ottobre!$B$12:$B$44,0)),INDEX(Novembre!AL$12:AL$44,MATCH($B15,Novembre!$B$12:$B$44,0)),INDEX(Dicembre!AL$12:AL$44,MATCH($B15,Dicembre!$B$12:$B$44,0)),INDEX(Gennaio!AL$12:AL$44,MATCH($B15,Gennaio!$B$12:$B$44,0)),INDEX(Febbraio!AL$12:AL$44,MATCH($B15,Febbraio!$B$12:$B$44,0)),INDEX(Marzo!AL$12:AL$44,MATCH($B15,Marzo!$B$12:$B$44,0)),INDEX(Aprile!AL$12:AL$44,MATCH($B15,Aprile!$B$12:$B$44,0)),INDEX(Maggio!AL$12:AL$44,MATCH($B15,Maggio!$B$12:$B$44,0)),INDEX(Giugno!AL$12:AL$44,MATCH($B15,Giugno!$B$12:$B$44,0)),INDEX(Luglio!AL$12:AL$44,MATCH($B15,Luglio!$B$12:$B$44,0)))) -> 0 | H15: =IF(OR(ISBLANK($B15),ISBLANK($C15)),0,SUM(INDEX(Agosto!AM$12:AM$44,MATCH($B15,Agosto!$B$12:$B$44,0)),INDEX(Settembre!AM$12:AM$44,MATCH($B15,Settembre!$B$12:$B$44,0)),INDEX(Ottobre!AM$12:AM$44,MATCH($B15,Ottobre!$B$12:$B$44,0)),INDEX(Novembre!AM$12:AM$44,MATCH($B15,Novembre!$B$12:$B$44,0)),INDEX(Dicembre!AM$12:AM$44,MATCH($B15,Dicembre!$B$12:$B$44,0)),INDEX(Gennaio!AM$12:AM$44,MATCH($B15,Gennaio!$B$12:$B$44,0)),INDEX(Febbraio!AM$12:AM$44,MATCH($B15,Febbraio!$B$12:$B$44,0)),INDEX(Marzo!AM$12:AM$44,MATCH($B15,Marzo!$B$12:$B$44,0)),INDEX(Aprile!AM$12:AM$44,MATCH($B15,Aprile!$B$12:$B$44,0)),INDEX(Maggio!AM$12:AM$44,MATCH($B15,Maggio!$B$12:$B$44,0)),INDEX(Giugno!AM$12:AM$44,MATCH($B15,Giugno!$B$12:$B$44,0)),INDEX(Luglio!AM$12:AM$44,MATCH($B15,Luglio!$B$12:$B$44,0)))) -> 0 | I15: =IF(Q10=0,0,D15/Q10) -> 0 | J15: =IF(Q10=0,0,E15/Q10) -> 0 | K15: =IF(Q10=0,0,F15/Q10) -> 0 | L15: =IF(Q10=0,0,G15/Q10) -> 0 | M15: =IF(Q10=0,0,H15/Q10) -> 0
B16: 5 | D16: =IF(OR(ISBLANK($B16),ISBLANK($C16)),0,SUM(INDEX(Agosto!AI$12:AI$44,MATCH($B16,Agosto!$B$12:$B$44,0)),INDEX(Settembre!AI$12:AI$44,MATCH($B16,Settembre!$B$12:$B$44,0)),INDEX(Ottobre!AI$12:AI$44,MATCH($B16,Ottobre!$B$12:$B$44,0)),INDEX(Novembre!AI$12:AI$44,MATCH($B16,Novembre!$B$12:$B$44,0)),INDEX(Dicembre!AI$12:AI$44,MATCH($B16,Dicembre!$B$12:$B$44,0)),INDEX(Gennaio!AI$12:AI$44,MATCH($B16,Gennaio!$B$12:$B$44,0)),INDEX(Febbraio!AI$12:AI$44,MATCH($B16,Febbraio!$B$12:$B$44,0)),INDEX(Marzo!AI$12:AI$44,MATCH($B16,Marzo!$B$12:$B$44,0)),INDEX(Aprile!AI$12:AI$44,MATCH($B16,Aprile!$B$12:$B$44,0)),INDEX(Maggio!AI$12:AI$44,MATCH($B16,Maggio!$B$12:$B$44,0)),INDEX(Giugno!AI$12:AI$44,MATCH($B16,Giugno!$B$12:$B$44,0)),INDEX(Luglio!AI$12:AI$44,MATCH($B16,Luglio!$B$12:$B$44,0)))) -> 0 | E16: =IF(OR(ISBLANK($B16),ISBLANK($C16)),0,SUM(INDEX(Agosto!AJ$12:AJ$44,MATCH($B16,Agosto!$B$12:$B$44,0)),INDEX(Settembre!AJ$12:AJ$44,MATCH($B16,Settembre!$B$12:$B$44,0)),INDEX(Ottobre!AJ$12:AJ$44,MATCH($B16,Ottobre!$B$12:$B$44,0)),INDEX(Novembre!AJ$12:AJ$44,MATCH($B16,Novembre!$B$12:$B$44,0)),INDEX(Dicembre!AJ$12:AJ$44,MATCH($B16,Dicembre!$B$12:$B$44,0)),INDEX(Gennaio!AJ$12:AJ$44,MATCH($B16,Gennaio!$B$12:$B$44,0)),INDEX(Febbraio!AJ$12:AJ$44,MATCH($B16,Febbraio!$B$12:$B$44,0)),INDEX(Marzo!AJ$12:AJ$44,MATCH($B16,Marzo!$B$12:$B$44,0)),INDEX(Aprile!AJ$12:AJ$44,MATCH($B16,Aprile!$B$12:$B$44,0)),INDEX(Maggio!AJ$12:AJ$44,MATCH($B16,Maggio!$B$12:$B$44,0)),INDEX(Giugno!AJ$12:AJ$44,MATCH($B16,Giugno!$B$12:$B$44,0)),INDEX(Luglio!AJ$12:AJ$44,MATCH($B16,Luglio!$B$12:$B$44,0)))) -> 0 | F16: =IF(OR(ISBLANK($B16),ISBLANK($C16)),0,SUM(INDEX(Agosto!AK$12:AK$44,MATCH($B16,Agosto!$B$12:$B$44,0)),INDEX(Settembre!AK$12:AK$44,MATCH($B16,Settembre!$B$12:$B$44,0)),INDEX(Ottobre!AK$12:AK$44,MATCH($B16,Ottobre!$B$12:$B$44,0)),INDEX(Novembre!AK$12:AK$44,MATCH($B16,Novembre!$B$12:$B$44,0)),INDEX(Dicembre!AK$12:AK$44,MATCH($B16,Dicembre!$B$12:$B$44,0)),INDEX(Gennaio!AK$12:AK$44,MATCH($B16,Gennaio!$B$12:$B$44,0)),INDEX(Febbraio!AK$12:AK$44,MATCH($B16,Febbraio!$B$12:$B$44,0)),INDEX(Marzo!AK$12:AK$44,MATCH($B16,Marzo!$B$12:$B$44,0)),INDEX(Aprile!AK$12:AK$44,MATCH($B16,Aprile!$B$12:$B$44,0)),INDEX(Maggio!AK$12:AK$44,MATCH($B16,Maggio!$B$12:$B$44,0)),INDEX(Giugno!AK$12:AK$44,MATCH($B16,Giugno!$B$12:$B$44,0)),INDEX(Luglio!AK$12:AK$44,MATCH($B16,Luglio!$B$12:$B$44,0)))) -> 0 | G16: =IF(OR(ISBLANK($B16),ISBLANK($C16)),0,SUM(INDEX(Agosto!AL$12:AL$44,MATCH($B16,Agosto!$B$12:$B$44,0)),INDEX(Settembre!AL$12:AL$44,MATCH($B16,Settembre!$B$12:$B$44,0)),INDEX(Ottobre!AL$12:AL$44,MATCH($B16,Ottobre!$B$12:$B$44,0)),INDEX(Novembre!AL$12:AL$44,MATCH($B16,Novembre!$B$12:$B$44,0)),INDEX(Dicembre!AL$12:AL$44,MATCH($B16,Dicembre!$B$12:$B$44,0)),INDEX(Gennaio!AL$12:AL$44,MATCH($B16,Gennaio!$B$12:$B$44,0)),INDEX(Febbraio!AL$12:AL$44,MATCH($B16,Febbraio!$B$12:$B$44,0)),INDEX(Marzo!AL$12:AL$44,MATCH($B16,Marzo!$B$12:$B$44,0)),INDEX(Aprile!AL$12:AL$44,MATCH($B16,Aprile!$B$12:$B$44,0)),INDEX(Maggio!AL$12:AL$44,MATCH($B16,Maggio!$B$12:$B$44,0)),INDEX(Giugno!AL$12:AL$44,MATCH($B16,Giugno!$B$12:$B$44,0)),INDEX(Luglio!AL$12:AL$44,MATCH($B16,Luglio!$B$12:$B$44,0)))) -> 0 | H16: =IF(OR(ISBLANK($B16),ISBLANK($C16)),0,SUM(INDEX(Agosto!AM$12:AM$44,MATCH($B16,Agosto!$B$12:$B$44,0)),INDEX(Settembre!AM$12:AM$44,MATCH($B16,Settembre!$B$12:$B$44,0)),INDEX(Ottobre!AM$12:AM$44,MATCH($B16,Ottobre!$B$12:$B$44,0)),INDEX(Novembre!AM$12:AM$44,MATCH($B16,Novembre!$B$12:$B$44,0)),INDEX(Dicembre!AM$12:AM$44,MATCH($B16,Dicembre!$B$12:$B$44,0)),INDEX(Gennaio!AM$12:AM$44,MATCH($B16,Gennaio!$B$12:$B$44,0)),INDEX(Febbraio!AM$12:AM$44,MATCH($B16,Febbraio!$B$12:$B$44,0)),INDEX(Marzo!AM$12:AM$44,MATCH($B16,Marzo!$B$12:$B$44,0)),INDEX(Aprile!AM$12:AM$44,MATCH($B16,Aprile!$B$12:$B$44,0)),INDEX(Maggio!AM$12:AM$44,MATCH($B16,Maggio!$B$12:$B$44,0)),INDEX(Giugno!AM$12:AM$44,MATCH($B16,Giugno!$B$12:$B$44,0)),INDEX(Luglio!AM$12:AM$44,MATCH($B16,Luglio!$B$12:$B$44,0)))) -> 0 | I16: =IF(Q10=0,0,D16/Q10) -> 0 | J16: =IF(Q10=0,0,E16/Q10) -> 0 | K16: =IF(Q10=0,0,F16/Q10) -> 0 | L16: =IF(Q10=0,0,G16/Q10) -> 0 | M16: =IF(Q10=0,0,H16/Q10) -> 0
B17: 6 | D17: =IF(OR(ISBLANK($B17),ISBLANK($C17)),0,SUM(INDEX(Agosto!AI$12:AI$44,MATCH($B17,Agosto!$B$12:$B$44,0)),INDEX(Settembre!AI$12:AI$44,MATCH($B17,Settembre!$B$12:$B$44,0)),INDEX(Ottobre!AI$12:AI$44,MATCH($B17,Ottobre!$B$12:$B$44,0)),INDEX(Novembre!AI$12:AI$44,MATCH($B17,Novembre!$B$12:$B$44,0)),INDEX(Dicembre!AI$12:AI$44,MATCH($B17,Dicembre!$B$12:$B$44,0)),INDEX(Gennaio!AI$12:AI$44,MATCH($B17,Gennaio!$B$12:$B$44,0)),INDEX(Febbraio!AI$12:AI$44,MATCH($B17,Febbraio!$B$12:$B$44,0)),INDEX(Marzo!AI$12:AI$44,MATCH($B17,Marzo!$B$12:$B$44,0)),INDEX(Aprile!AI$12:AI$44,MATCH($B17,Aprile!$B$12:$B$44,0)),INDEX(Maggio!AI$12:AI$44,MATCH($B17,Maggio!$B$12:$B$44,0)),INDEX(Giugno!AI$12:AI$44,MATCH($B17,Giugno!$B$12:$B$44,0)),INDEX(Luglio!AI$12:AI$44,MATCH($B17,Luglio!$B$12:$B$44,0)))) -> 0 | E17: =IF(OR(ISBLANK($B17),ISBLANK($C17)),0,SUM(INDEX(Agosto!AJ$12:AJ$44,MATCH($B17,Agosto!$B$12:$B$44,0)),INDEX(Settembre!AJ$12:AJ$44,MATCH($B17,Settembre!$B$12:$B$44,0)),INDEX(Ottobre!AJ$12:AJ$44,MATCH($B17,Ottobre!$B$12:$B$44,0)),INDEX(Novembre!AJ$12:AJ$44,MATCH($B17,Novembre!$B$12:$B$44,0)),INDEX(Dicembre!AJ$12:AJ$44,MATCH($B17,Dicembre!$B$12:$B$44,0)),INDEX(Gennaio!AJ$12:AJ$44,MATCH($B17,Gennaio!$B$12:$B$44,0)),INDEX(Febbraio!AJ$12:AJ$44,MATCH($B17,Febbraio!$B$12:$B$44,0)),INDEX(Marzo!AJ$12:AJ$44,MATCH($B17,Marzo!$B$12:$B$44,0)),INDEX(Aprile!AJ$12:AJ$44,MATCH($B17,Aprile!$B$12:$B$44,0)),INDEX(Maggio!AJ$12:AJ$44,MATCH($B17,Maggio!$B$12:$B$44,0)),INDEX(Giugno!AJ$12:AJ$44,MATCH($B17,Giugno!$B$12:$B$44,0)),INDEX(Luglio!AJ$12:AJ$44,MATCH($B17,Luglio!$B$12:$B$44,0)))) -> 0 | F17: =IF(OR(ISBLANK($B17),ISBLANK($C17)),0,SUM(INDEX(Agosto!AK$12:AK$44,MATCH($B17,Agosto!$B$12:$B$44,0)),INDEX(Settembre!AK$12:AK$44,MATCH($B17,Settembre!$B$12:$B$44,0)),INDEX(Ottobre!AK$12:AK$44,MATCH($B17,Ottobre!$B$12:$B$44,0)),INDEX(Novembre!AK$12:AK$44,MATCH($B17,Novembre!$B$12:$B$44,0)),INDEX(Dicembre!AK$12:AK$44,MATCH($B17,Dicembre!$B$12:$B$44,0)),INDEX(Gennaio!AK$12:AK$44,MATCH($B17,Gennaio!$B$12:$B$44,0)),INDEX(Febbraio!AK$12:AK$44,MATCH($B17,Febbraio!$B$12:$B$44,0)),INDEX(Marzo!AK$12:AK$44,MATCH($B17,Marzo!$B$12:$B$44,0)),INDEX(Aprile!AK$12:AK$44,MATCH($B17,Aprile!$B$12:$B$44,0)),INDEX(Maggio!AK$12:AK$44,MATCH($B17,Maggio!$B$12:$B$44,0)),INDEX(Giugno!AK$12:AK$44,MATCH($B17,Giugno!$B$12:$B$44,0)),INDEX(Luglio!AK$12:AK$44,MATCH($B17,Luglio!$B$12:$B$44,0)))) -> 0 | G17: =IF(OR(ISBLANK($B17),ISBLANK($C17)),0,SUM(INDEX(Agosto!AL$12:AL$44,MATCH($B17,Agosto!$B$12:$B$44,0)),INDEX(Settembre!AL$12:AL$44,MATCH($B17,Settembre!$B$12:$B$44,0)),INDEX(Ottobre!AL$12:AL$44,MATCH($B17,Ottobre!$B$12:$B$44,0)),INDEX(Novembre!AL$12:AL$44,MATCH($B17,Novembre!$B$12:$B$44,0)),INDEX(Dicembre!AL$12:AL$44,MATCH($B17,Dicembre!$B$12:$B$44,0)),INDEX(Gennaio!AL$12:AL$44,MATCH($B17,Gennaio!$B$12:$B$44,0)),INDEX(Febbraio!AL$12:AL$44,MATCH($B17,Febbraio!$B$12:$B$44,0)),INDEX(Marzo!AL$12:AL$44,MATCH($B17,Marzo!$B$12:$B$44,0)),INDEX(Aprile!AL$12:AL$44,MATCH($B17,Aprile!$B$12:$B$44,0)),INDEX(Maggio!AL$12:AL$44,MATCH($B17,Maggio!$B$12:$B$44,0)),INDEX(Giugno!AL$12:AL$44,MATCH($B17,Giugno!$B$12:$B$44,0)),INDEX(Luglio!AL$12:AL$44,MATCH($B17,Luglio!$B$12:$B$44,0)))) -> 0 | H17: =IF(OR(ISBLANK($B17),ISBLANK($C17)),0,SUM(INDEX(Agosto!AM$12:AM$44,MATCH($B17,Agosto!$B$12:$B$44,0)),INDEX(Settembre!AM$12:AM$44,MATCH($B17,Settembre!$B$12:$B$44,0)),INDEX(Ottobre!AM$12:AM$44,MATCH($B17,Ottobre!$B$12:$B$44,0)),INDEX(Novembre!AM$12:AM$44,MATCH($B17,Novembre!$B$12:$B$44,0)),INDEX(Dicembre!AM$12:AM$44,MATCH($B17,Dicembre!$B$12:$B$44,0)),INDEX(Gennaio!AM$12:AM$44,MATCH($B17,Gennaio!$B$12:$B$44,0)),INDEX(Febbraio!AM$12:AM$44,MATCH($B17,Febbraio!$B$12:$B$44,0)),INDEX(Marzo!AM$12:AM$44,MATCH($B17,Marzo!$B$12:$B$44,0)),INDEX(Aprile!AM$12:AM$44,MATCH($B17,Aprile!$B$12:$B$44,0)),INDEX(Maggio!AM$12:AM$44,MATCH($B17,Maggio!$B$12:$B$44,0)),INDEX(Giugno!AM$12:AM$44,MATCH($B17,Giugno!$B$12:$B$44,0)),INDEX(Luglio!AM$12:AM$44,MATCH($B17,Luglio!$B$12:$B$44,0)))) -> 0 | I17: =IF(Q10=0,0,D17/Q10) -> 0 | J17: =IF(Q10=0,0,E17/Q10) -> 0 | K17: =IF(Q10=0,0,F17/Q10) -> 0 | L17: =IF(Q10=0,0,G17/Q10) -> 0 | M17: =IF(Q10=0,0,H17/Q10) -> 0
B18: 7 | D18: =IF(OR(ISBLANK($B18),ISBLANK($C18)),0,SUM(INDEX(Agosto!AI$12:AI$44,MATCH($B18,Agosto!$B$12:$B$44,0)),INDEX(Settembre!AI$12:AI$44,MATCH($B18,Settembre!$B$12:$B$44,0)),INDEX(Ottobre!AI$12:AI$44,MATCH($B18,Ottobre!$B$12:$B$44,0)),INDEX(Novembre!AI$12:AI$44,MATCH($B18,Novembre!$B$12:$B$44,0)),INDEX(Dicembre!AI$12:AI$44,MATCH($B18,Dicembre!$B$12:$B$44,0)),INDEX(Gennaio!AI$12:AI$44,MATCH($B18,Gennaio!$B$12:$B$44,0)),INDEX(Febbraio!AI$12:AI$44,MATCH($B18,Febbraio!$B$12:$B$44,0)),INDEX(Marzo!AI$12:AI$44,MATCH($B18,Marzo!$B$12:$B$44,0)),INDEX(Aprile!AI$12:AI$44,MATCH($B18,Aprile!$B$12:$B$44,0)),INDEX(Maggio!AI$12:AI$44,MATCH($B18,Maggio!$B$12:$B$44,0)),INDEX(Giugno!AI$12:AI$44,MATCH($B18,Giugno!$B$12:$B$44,0)),INDEX(Luglio!AI$12:AI$44,MATCH($B18,Luglio!$B$12:$B$44,0)))) -> 0 | E18: =IF(OR(ISBLANK($B18),ISBLANK($C18)),0,SUM(INDEX(Agosto!AJ$12:AJ$44,MATCH($B18,Agosto!$B$12:$B$44,0)),INDEX(Settembre!AJ$12:AJ$44,MATCH($B18,Settembre!$B$12:$B$44,0)),INDEX(Ottobre!AJ$12:AJ$44,MATCH($B18,Ottobre!$B$12:$B$44,0)),INDEX(Novembre!AJ$12:AJ$44,MATCH($B18,Novembre!$B$12:$B$44,0)),INDEX(Dicembre!AJ$12:AJ$44,MATCH($B18,Dicembre!$B$12:$B$44,0)),INDEX(Gennaio!AJ$12:AJ$44,MATCH($B18,Gennaio!$B$12:$B$44,0)),INDEX(Febbraio!AJ$12:AJ$44,MATCH($B18,Febbraio!$B$12:$B$44,0)),INDEX(Marzo!AJ$12:AJ$44,MATCH($B18,Marzo!$B$12:$B$44,0)),INDEX(Aprile!AJ$12:AJ$44,MATCH($B18,Aprile!$B$12:$B$44,0)),INDEX(Maggio!AJ$12:AJ$44,MATCH($B18,Maggio!$B$12:$B$44,0)),INDEX(Giugno!AJ$12:AJ$44,MATCH($B18,Giugno!$B$12:$B$44,0)),INDEX(Luglio!AJ$12:AJ$44,MATCH($B18,Luglio!$B$12:$B$44,0)))) -> 0 | F18: =IF(OR(ISBLANK($B18),ISBLANK($C18)),0,SUM(INDEX(Agosto!AK$12:AK$44,MATCH($B18,Agosto!$B$12:$B$44,0)),INDEX(Settembre!AK$12:AK$44,MATCH($B18,Settembre!$B$12:$B$44,0)),INDEX(Ottobre!AK$12:AK$44,MATCH($B18,Ottobre!$B$12:$B$44,0)),INDEX(Novembre!AK$12:AK$44,MATCH($B18,Novembre!$B$12:$B$44,0)),INDEX(Dicembre!AK$12:AK$44,MATCH($B18,Dicembre!$B$12:$B$44,0)),INDEX(Gennaio!AK$12:AK$44,MATCH($B18,Gennaio!$B$12:$B$44,0)),INDEX(Febbraio!AK$12:AK$44,MATCH($B18,Febbraio!$B$12:$B$44,0)),INDEX(Marzo!AK$12:AK$44,MATCH($B18,Marzo!$B$12:$B$44,0)),INDEX(Aprile!AK$12:AK$44,MATCH($B18,Aprile!$B$12:$B$44,0)),INDEX(Maggio!AK$12:AK$44,MATCH($B18,Maggio!$B$12:$B$44,0)),INDEX(Giugno!AK$12:AK$44,MATCH($B18,Giugno!$B$12:$B$44,0)),INDEX(Luglio!AK$12:AK$44,MATCH($B18,Luglio!$B$12:$B$44,0)))) -> 0 | G18: =IF(OR(ISBLANK($B18),ISBLANK($C18)),0,SUM(INDEX(Agosto!AL$12:AL$44,MATCH($B18,Agosto!$B$12:$B$44,0)),INDEX(Settembre!AL$12:AL$44,MATCH($B18,Settembre!$B$12:$B$44,0)),INDEX(Ottobre!AL$12:AL$44,MATCH($B18,Ottobre!$B$12:$B$44,0)),INDEX(Novembre!AL$12:AL$44,MATCH($B18,Novembre!$B$12:$B$44,0)),INDEX(Dicembre!AL$12:AL$44,MATCH($B18,Dicembre!$B$12:$B$44,0)),INDEX(Gennaio!AL$12:AL$44,MATCH($B18,Gennaio!$B$12:$B$44,0)),INDEX(Febbraio!AL$12:AL$44,MATCH($B18,Febbraio!$B$12:$B$44,0)),INDEX(Marzo!AL$12:AL$44,MATCH($B18,Marzo!$B$12:$B$44,0)),INDEX(Aprile!AL$12:AL$44,MATCH($B18,Aprile!$B$12:$B$44,0)),INDEX(Maggio!AL$12:AL$44,MATCH($B18,Maggio!$B$12:$B$44,0)),INDEX(Giugno!AL$12:AL$44,MATCH($B18,Giugno!$B$12:$B$44,0)),INDEX(Luglio!AL$12:AL$44,MATCH($B18,Luglio!$B$12:$B$44,0)))) -> 0 | H18: =IF(OR(ISBLANK($B18),ISBLANK($C18)),0,SUM(INDEX(Agosto!AM$12:AM$44,MATCH($B18,Agosto!$B$12:$B$44,0)),INDEX(Settembre!AM$12:AM$44,MATCH($B18,Settembre!$B$12:$B$44,0)),INDEX(Ottobre!AM$12:AM$44,MATCH($B18,Ottobre!$B$12:$B$44,0)),INDEX(Novembre!AM$12:AM$44,MATCH($B18,Novembre!$B$12:$B$44,0)),INDEX(Dicembre!AM$12:AM$44,MATCH($B18,Dicembre!$B$12:$B$44,0)),INDEX(Gennaio!AM$12:AM$44,MATCH($B18,Gennaio!$B$12:$B$44,0)),INDEX(Febbraio!AM$12:AM$44,MATCH($B18,Febbraio!$B$12:$B$44,0)),INDEX(Marzo!AM$12:AM$44,MATCH($B18,Marzo!$B$12:$B$44,0)),INDEX(Aprile!AM$12:AM$44,MATCH($B18,Aprile!$B$12:$B$44,0)),INDEX(Maggio!AM$12:AM$44,MATCH($B18,Maggio!$B$12:$B$44,0)),INDEX(Giugno!AM$12:AM$44,MATCH($B18,Giugno!$B$12:$B$44,0)),INDEX(Luglio!AM$12:AM$44,MATCH($B18,Luglio!$B$12:$B$44,0)))) -> 0 | I18: =IF(Q10=0,0,D18/Q10) -> 0 | J18: =IF(Q10=0,0,E18/Q10) -> 0 | K18: =IF(Q10=0,0,F18/Q10) -> 0 | L18: =IF(Q10=0,0,G18/Q10) -> 0 | M18: =IF(Q10=0,0,H18/Q10) -> 0
B19: 8 | D19: =IF(OR(ISBLANK($B19),ISBLANK($C19)),0,SUM(INDEX(Agosto!AI$12:AI$44,MATCH($B19,Agosto!$B$12:$B$44,0)),INDEX(Settembre!AI$12:AI$44,MATCH($B19,Settembre!$B$12:$B$44,0)),INDEX(Ottobre!AI$12:AI$44,MATCH($B19,Ottobre!$B$12:$B$44,0)),INDEX(Novembre!AI$12:AI$44,MATCH($B19,Novembre!$B$12:$B$44,0)),INDEX(Dicembre!AI$12:AI$44,MATCH($B19,Dicembre!$B$12:$B$44,0)),INDEX(Gennaio!AI$12:AI$44,MATCH($B19,Gennaio!$B$12:$B$44,0)),INDEX(Febbraio!AI$12:AI$44,MATCH($B19,Febbraio!$B$12:$B$44,0)),INDEX(Marzo!AI$12:AI$44,MATCH($B19,Marzo!$B$12:$B$44,0)),INDEX(Aprile!AI$12:AI$44,MATCH($B19,Aprile!$B$12:$B$44,0)),INDEX(Maggio!AI$12:AI$44,MATCH($B19,Maggio!$B$12:$B$44,0)),INDEX(Giugno!AI$12:AI$44,MATCH($B19,Giugno!$B$12:$B$44,0)),INDEX(Luglio!AI$12:AI$44,MATCH($B19,Luglio!$B$12:$B$44,0)))) -> 0 | E19: =IF(OR(ISBLANK($B19),ISBLANK($C19)),0,SUM(INDEX(Agosto!AJ$12:AJ$44,MATCH($B19,Agosto!$B$12:$B$44,0)),INDEX(Settembre!AJ$12:AJ$44,MATCH($B19,Settembre!$B$12:$B$44,0)),INDEX(Ottobre!AJ$12:AJ$44,MATCH($B19,Ottobre!$B$12:$B$44,0)),INDEX(Novembre!AJ$12:AJ$44,MATCH($B19,Novembre!$B$12:$B$44,0)),INDEX(Dicembre!AJ$12:AJ$44,MATCH($B19,Dicembre!$B$12:$B$44,0)),INDEX(Gennaio!AJ$12:AJ$44,MATCH($B19,Gennaio!$B$12:$B$44,0)),INDEX(Febbraio!AJ$12:AJ$44,MATCH($B19,Febbraio!$B$12:$B$44,0)),INDEX(Marzo!AJ$12:AJ$44,MATCH($B19,Marzo!$B$12:$B$44,0)),INDEX(Aprile!AJ$12:AJ$44,MATCH($B19,Aprile!$B$12:$B$44,0)),INDEX(Maggio!AJ$12:AJ$44,MATCH($B19,Maggio!$B$12:$B$44,0)),INDEX(Giugno!AJ$12:AJ$44,MATCH($B19,Giugno!$B$12:$B$44,0)),INDEX(Luglio!AJ$12:AJ$44,MATCH($B19,Luglio!$B$12:$B$44,0)))) -> 0 | F19: =IF(OR(ISBLANK($B19),ISBLANK($C19)),0,SUM(INDEX(Agosto!AK$12:AK$44,MATCH($B19,Agosto!$B$12:$B$44,0)),INDEX(Settembre!AK$12:AK$44,MATCH($B19,Settembre!$B$12:$B$44,0)),INDEX(Ottobre!AK$12:AK$44,MATCH($B19,Ottobre!$B$12:$B$44,0)),INDEX(Novembre!AK$12:AK$44,MATCH($B19,Novembre!$B$12:$B$44,0)),INDEX(Dicembre!AK$12:AK$44,MATCH($B19,Dicembre!$B$12:$B$44,0)),INDEX(Gennaio!AK$12:AK$44,MATCH($B19,Gennaio!$B$12:$B$44,0)),INDEX(Febbraio!AK$12:AK$44,MATCH($B19,Febbraio!$B$12:$B$44,0)),INDEX(Marzo!AK$12:AK$44,MATCH($B19,Marzo!$B$12:$B$44,0)),INDEX(Aprile!AK$12:AK$44,MATCH($B19,Aprile!$B$12:$B$44,0)),INDEX(Maggio!AK$12:AK$44,MATCH($B19,Maggio!$B$12:$B$44,0)),INDEX(Giugno!AK$12:AK$44,MATCH($B19,Giugno!$B$12:$B$44,0)),INDEX(Luglio!AK$12:AK$44,MATCH($B19,Luglio!$B$12:$B$44,0)))) -> 0 | G19: =IF(OR(ISBLANK($B19),ISBLANK($C19)),0,SUM(INDEX(Agosto!AL$12:AL$44,MATCH($B19,Agosto!$B$12:$B$44,0)),INDEX(Settembre!AL$12:AL$44,MATCH($B19,Settembre!$B$12:$B$44,0)),INDEX(Ottobre!AL$12:AL$44,MATCH($B19,Ottobre!$B$12:$B$44,0)),INDEX(Novembre!AL$12:AL$44,MATCH($B19,Novembre!$B$12:$B$44,0)),INDEX(Dicembre!AL$12:AL$44,MATCH($B19,Dicembre!$B$12:$B$44,0)),INDEX(Gennaio!AL$12:AL$44,MATCH($B19,Gennaio!$B$12:$B$44,0)),INDEX(Febbraio!AL$12:AL$44,MATCH($B19,Febbraio!$B$12:$B$44,0)),INDEX(Marzo!AL$12:AL$44,MATCH($B19,Marzo!$B$12:$B$44,0)),INDEX(Aprile!AL$12:AL$44,MATCH($B19,Aprile!$B$12:$B$44,0)),INDEX(Maggio!AL$12:AL$44,MATCH($B19,Maggio!$B$12:$B$44,0)),INDEX(Giugno!AL$12:AL$44,MATCH($B19,Giugno!$B$12:$B$44,0)),INDEX(Luglio!AL$12:AL$44,MATCH($B19,Luglio!$B$12:$B$44,0)))) -> 0 | H19: =IF(OR(ISBLANK($B19),ISBLANK($C19)),0,SUM(INDEX(Agosto!AM$12:AM$44,MATCH($B19,Agosto!$B$12:$B$44,0)),INDEX(Settembre!AM$12:AM$44,MATCH($B19,Settembre!$B$12:$B$44,0)),INDEX(Ottobre!AM$12:AM$44,MATCH($B19,Ottobre!$B$12:$B$44,0)),INDEX(Novembre!AM$12:AM$44,MATCH($B19,Novembre!$B$12:$B$44,0)),INDEX(Dicembre!AM$12:AM$44,MATCH($B19,Dicembre!$B$12:$B$44,0)),INDEX(Gennaio!AM$12:AM$44,MATCH($B19,Gennaio!$B$12:$B$44,0)),INDEX(Febbraio!AM$12:AM$44,MATCH($B19,Febbraio!$B$12:$B$44,0)),INDEX(Marzo!AM$12:AM$44,MATCH($B19,Marzo!$B$12:$B$44,0)),INDEX(Aprile!AM$12:AM$44,MATCH($B19,Aprile!$B$12:$B$44,0)),INDEX(Maggio!AM$12:AM$44,MATCH($B19,Maggio!$B$12:$B$44,0)),INDEX(Giugno!AM$12:AM$44,MATCH($B19,Giugno!$B$12:$B$44,0)),INDEX(Luglio!AM$12:AM$44,MATCH($B19,Luglio!$B$12:$B$44,0)))) -> 0 | I19: =IF(Q10=0,0,D19/Q10) -> 0 | J19: =IF(Q10=0,0,E19/Q10) -> 0 | K19: =IF(Q10=0,0,F19/Q10) -> 0 | L19: =IF(Q10=0,0,G19/Q10) -> 0 | M19: =IF(Q10=0,0,H19/Q10) -> 0
B20: 9 | D20: =IF(OR(ISBLANK($B20),ISBLANK($C20)),0,SUM(INDEX(Agosto!AI$12:AI$44,MATCH($B20,Agosto!$B$12:$B$44,0)),INDEX(Settembre!AI$12:AI$44,MATCH($B20,Settembre!$B$12:$B$44,0)),INDEX(Ottobre!AI$12:AI$44,MATCH($B20,Ottobre!$B$12:$B$44,0)),INDEX(Novembre!AI$12:AI$44,MATCH($B20,Novembre!$B$12:$B$44,0)),INDEX(Dicembre!AI$12:AI$44,MATCH($B20,Dicembre!$B$12:$B$44,0)),INDEX(Gennaio!AI$12:AI$44,MATCH($B20,Gennaio!$B$12:$B$44,0)),INDEX(Febbraio!AI$12:AI$44,MATCH($B20,Febbraio!$B$12:$B$44,0)),INDEX(Marzo!AI$12:AI$44,MATCH($B20,Marzo!$B$12:$B$44,0)),INDEX(Aprile!AI$12:AI$44,MATCH($B20,Aprile!$B$12:$B$44,0)),INDEX(Maggio!AI$12:AI$44,MATCH($B20,Maggio!$B$12:$B$44,0)),INDEX(Giugno!AI$12:AI$44,MATCH($B20,Giugno!$B$12:$B$44,0)),INDEX(Luglio!AI$12:AI$44,MATCH($B20,Luglio!$B$12:$B$44,0)))) -> 0 | E20: =IF(OR(ISBLANK($B20),ISBLANK($C20)),0,SUM(INDEX(Agosto!AJ$12:AJ$44,MATCH($B20,Agosto!$B$12:$B$44,0)),INDEX(Settembre!AJ$12:AJ$44,MATCH($B20,Settembre!$B$12:$B$44,0)),INDEX(Ottobre!AJ$12:AJ$44,MATCH($B20,Ottobre!$B$12:$B$44,0)),INDEX(Novembre!AJ$12:AJ$44,MATCH($B20,Novembre!$B$12:$B$44,0)),INDEX(Dicembre!AJ$12:AJ$44,MATCH($B20,Dicembre!$B$12:$B$44,0)),INDEX(Gennaio!AJ$12:AJ$44,MATCH($B20,Gennaio!$B$12:$B$44,0)),INDEX(Febbraio!AJ$12:AJ$44,MATCH($B20,Febbraio!$B$12:$B$44,0)),INDEX(Marzo!AJ$12:AJ$44,MATCH($B20,Marzo!$B$12:$B$44,0)),INDEX(Aprile!AJ$12:AJ$44,MATCH($B20,Aprile!$B$12:$B$44,0)),INDEX(Maggio!AJ$12:AJ$44,MATCH($B20,Maggio!$B$12:$B$44,0)),INDEX(Giugno!AJ$12:AJ$44,MATCH($B20,Giugno!$B$12:$B$44,0)),INDEX(Luglio!AJ$12:AJ$44,MATCH($B20,Luglio!$B$12:$B$44,0)))) -> 0 | F20: =IF(OR(ISBLANK($B20),ISBLANK($C20)),0,SUM(INDEX(Agosto!AK$12:AK$44,MATCH($B20,Agosto!$B$12:$B$44,0)),INDEX(Settembre!AK$12:AK$44,MATCH($B20,Settembre!$B$12:$B$44,0)),INDEX(Ottobre!AK$12:AK$44,MATCH($B20,Ottobre!$B$12:$B$44,0)),INDEX(Novembre!AK$12:AK$44,MATCH($B20,Novembre!$B$12:$B$44,0)),INDEX(Dicembre!AK$12:AK$44,MATCH($B20,Dicembre!$B$12:$B$44,0)),INDEX(Gennaio!AK$12:AK$44,MATCH($B20,Gennaio!$B$12:$B$44,0)),INDEX(Febbraio!AK$12:AK$44,MATCH($B20,Febbraio!$B$12:$B$44,0)),INDEX(Marzo!AK$12:AK$44,MATCH($B20,Marzo!$B$12:$B$44,0)),INDEX(Aprile!AK$12:AK$44,MATCH($B20,Aprile!$B$12:$B$44,0)),INDEX(Maggio!AK$12:AK$44,MATCH($B20,Maggio!$B$12:$B$44,0)),INDEX(Giugno!AK$12:AK$44,MATCH($B20,Giugno!$B$12:$B$44,0)),INDEX(Luglio!AK$12:AK$44,MATCH($B20,Luglio!$B$12:$B$44,0)))) -> 0 | G20: =IF(OR(ISBLANK($B20),ISBLANK($C20)),0,SUM(INDEX(Agosto!AL$12:AL$44,MATCH($B20,Agosto!$B$12:$B$44,0)),INDEX(Settembre!AL$12:AL$44,MATCH($B20,Settembre!$B$12:$B$44,0)),INDEX(Ottobre!AL$12:AL$44,MATCH($B20,Ottobre!$B$12:$B$44,0)),INDEX(Novembre!AL$12:AL$44,MATCH($B20,Novembre!$B$12:$B$44,0)),INDEX(Dicembre!AL$12:AL$44,MATCH($B20,Dicembre!$B$12:$B$44,0)),INDEX(Gennaio!AL$12:AL$44,MATCH($B20,Gennaio!$B$12:$B$44,0)),INDEX(Febbraio!AL$12:AL$44,MATCH($B20,Febbraio!$B$12:$B$44,0)),INDEX(Marzo!AL$12:AL$44,MATCH($B20,Marzo!$B$12:$B$44,0)),INDEX(Aprile!AL$12:AL$44,MATCH($B20,Aprile!$B$12:$B$44,0)),INDEX(Maggio!AL$12:AL$44,MATCH($B20,Maggio!$B$12:$B$44,0)),INDEX(Giugno!AL$12:AL$44,MATCH($B20,Giugno!$B$12:$B$44,0)),INDEX(Luglio!AL$12:AL$44,MATCH($B20,Luglio!$B$12:$B$44,0)))) -> 0 | H20: =IF(OR(ISBLANK($B20),ISBLANK($C20)),0,SUM(INDEX(Agosto!AM$12:AM$44,MATCH($B20,Agosto!$B$12:$B$44,0)),INDEX(Settembre!AM$12:AM$44,MATCH($B20,Settembre!$B$12:$B$44,0)),INDEX(Ottobre!AM$12:AM$44,MATCH($B20,Ottobre!$B$12:$B$44,0)),INDEX(Novembre!AM$12:AM$44,MATCH($B20,Novembre!$B$12:$B$44,0)),INDEX(Dicembre!AM$12:AM$44,MATCH($B20,Dicembre!$B$12:$B$44,0)),INDEX(Gennaio!AM$12:AM$44,MATCH($B20,Gennaio!$B$12:$B$44,0)),INDEX(Febbraio!AM$12:AM$44,MATCH($B20,Febbraio!$B$12:$B$44,0)),INDEX(Marzo!AM$12:AM$44,MATCH($B20,Marzo!$B$12:$B$44,0)),INDEX(Aprile!AM$12:AM$44,MATCH($B20,Aprile!$B$12:$B$44,0)),INDEX(Maggio!AM$12:AM$44,MATCH($B20,Maggio!$B$12:$B$44,0)),INDEX(Giugno!AM$12:AM$44,MATCH($B20,Giugno!$B$12:$B$44,0)),INDEX(Luglio!AM$12:AM$44,MATCH($B20,Luglio!$B$12:$B$44,0)))) -> 0 | I20: =IF(Q10=0,0,D20/Q10) -> 0 | J20: =IF(Q10=0,0,E20/Q10) -> 0 | K20: =IF(Q10=0,0,F20/Q10) -> 0 | L20: =IF(Q10=0,0,G20/Q10) -> 0 | M20: =IF(Q10=0,0,H20/Q10) -> 0
B21: 10 | D21: =IF(OR(ISBLANK($B21),ISBLANK($C21)),0,SUM(INDEX(Agosto!AI$12:AI$44,MATCH($B21,Agosto!$B$12:$B$44,0)),INDEX(Settembre!AI$12:AI$44,MATCH($B21,Settembre!$B$12:$B$44,0)),INDEX(Ottobre!AI$12:AI$44,MATCH($B21,Ottobre!$B$12:$B$44,0)),INDEX(Novembre!AI$12:AI$44,MATCH($B21,Novembre!$B$12:$B$44,0)),INDEX(Dicembre!AI$12:AI$44,MATCH($B21,Dicembre!$B$12:$B$44,0)),INDEX(Gennaio!AI$12:AI$44,MATCH($B21,Gennaio!$B$12:$B$44,0)),INDEX(Febbraio!AI$12:AI$44,MATCH($B21,Febbraio!$B$12:$B$44,0)),INDEX(Marzo!AI$12:AI$44,MATCH($B21,Marzo!$B$12:$B$44,0)),INDEX(Aprile!AI$12:AI$44,MATCH($B21,Aprile!$B$12:$B$44,0)),INDEX(Maggio!AI$12:AI$44,MATCH($B21,Maggio!$B$12:$B$44,0)),INDEX(Giugno!AI$12:AI$44,MATCH($B21,Giugno!$B$12:$B$44,0)),INDEX(Luglio!AI$12:AI$44,MATCH($B21,Luglio!$B$12:$B$44,0)))) -> 0 | E21: =IF(OR(ISBLANK($B21),ISBLANK($C21)),0,SUM(INDEX(Agosto!AJ$12:AJ$44,MATCH($B21,Agosto!$B$12:$B$44,0)),INDEX(Settembre!AJ$12:AJ$44,MATCH($B21,Settembre!$B$12:$B$44,0)),INDEX(Ottobre!AJ$12:AJ$44,MATCH($B21,Ottobre!$B$12:$B$44,0)),INDEX(Novembre!AJ$12:AJ$44,MATCH($B21,Novembre!$B$12:$B$44,0)),INDEX(Dicembre!AJ$12:AJ$44,MATCH($B21,Dicembre!$B$12:$B$44,0)),INDEX(Gennaio!AJ$12:AJ$44,MATCH($B21,Gennaio!$B$12:$B$44,0)),INDEX(Febbraio!AJ$12:AJ$44,MATCH($B21,Febbraio!$B$12:$B$44,0)),INDEX(Marzo!AJ$12:AJ$44,MATCH($B21,Marzo!$B$12:$B$44,0)),INDEX(Aprile!AJ$12:AJ$44,MATCH($B21,Aprile!$B$12:$B$44,0)),INDEX(Maggio!AJ$12:AJ$44,MATCH($B21,Maggio!$B$12:$B$44,0)),INDEX(Giugno!AJ$12:AJ$44,MATCH($B21,Giugno!$B$12:$B$44,0)),INDEX(Luglio!AJ$12:AJ$44,MATCH($B21,Luglio!$B$12:$B$44,0)))) -> 0 | F21: =IF(OR(ISBLANK($B21),ISBLANK($C21)),0,SUM(INDEX(Agosto!AK$12:AK$44,MATCH($B21,Agosto!$B$12:$B$44,0)),INDEX(Settembre!AK$12:AK$44,MATCH($B21,Settembre!$B$12:$B$44,0)),INDEX(Ottobre!AK$12:AK$44,MATCH($B21,Ottobre!$B$12:$B$44,0)),INDEX(Novembre!AK$12:AK$44,MATCH($B21,Novembre!$B$12:$B$44,0)),INDEX(Dicembre!AK$12:AK$44,MATCH($B21,Dicembre!$B$12:$B$44,0)),INDEX(Gennaio!AK$12:AK$44,MATCH($B21,Gennaio!$B$12:$B$44,0)),INDEX(Febbraio!AK$12:AK$44,MATCH($B21,Febbraio!$B$12:$B$44,0)),INDEX(Marzo!AK$12:AK$44,MATCH($B21,Marzo!$B$12:$B$44,0)),INDEX(Aprile!AK$12:AK$44,MATCH($B21,Aprile!$B$12:$B$44,0)),INDEX(Maggio!AK$12:AK$44,MATCH($B21,Maggio!$B$12:$B$44,0)),INDEX(Giugno!AK$12:AK$44,MATCH($B21,Giugno!$B$12:$B$44,0)),INDEX(Luglio!AK$12:AK$44,MATCH($B21,Luglio!$B$12:$B$44,0)))) -> 0 | G21: =IF(OR(ISBLANK($B21),ISBLANK($C21)),0,SUM(INDEX(Agosto!AL$12:AL$44,MATCH($B21,Agosto!$B$12:$B$44,0)),INDEX(Settembre!AL$12:AL$44,MATCH($B21,Settembre!$B$12:$B$44,0)),INDEX(Ottobre!AL$12:AL$44,MATCH($B21,Ottobre!$B$12:$B$44,0)),INDEX(Novembre!AL$12:AL$44,MATCH($B21,Novembre!$B$12:$B$44,0)),INDEX(Dicembre!AL$12:AL$44,MATCH($B21,Dicembre!$B$12:$B$44,0)),INDEX(Gennaio!AL$12:AL$44,MATCH($B21,Gennaio!$B$12:$B$44,0)),INDEX(Febbraio!AL$12:AL$44,MATCH($B21,Febbraio!$B$12:$B$44,0)),INDEX(Marzo!AL$12:AL$44,MATCH($B21,Marzo!$B$12:$B$44,0)),INDEX(Aprile!AL$12:AL$44,MATCH($B21,Aprile!$B$12:$B$44,0)),INDEX(Maggio!AL$12:AL$44,MATCH($B21,Maggio!$B$12:$B$44,0)),INDEX(Giugno!AL$12:AL$44,MATCH($B21,Giugno!$B$12:$B$44,0)),INDEX(Luglio!AL$12:AL$44,MATCH($B21,Luglio!$B$12:$B$44,0)))) -> 0 | H21: =IF(OR(ISBLANK($B21),ISBLANK($C21)),0,SUM(INDEX(Agosto!AM$12:AM$44,MATCH($B21,Agosto!$B$12:$B$44,0)),INDEX(Settembre!AM$12:AM$44,MATCH($B21,Settembre!$B$12:$B$44,0)),INDEX(Ottobre!AM$12:AM$44,MATCH($B21,Ottobre!$B$12:$B$44,0)),INDEX(Novembre!AM$12:AM$44,MATCH($B21,Novembre!$B$12:$B$44,0)),INDEX(Dicembre!AM$12:AM$44,MATCH($B21,Dicembre!$B$12:$B$44,0)),INDEX(Gennaio!AM$12:AM$44,MATCH($B21,Gennaio!$B$12:$B$44,0)),INDEX(Febbraio!AM$12:AM$44,MATCH($B21,Febbraio!$B$12:$B$44,0)),INDEX(Marzo!AM$12:AM$44,MATCH($B21,Marzo!$B$12:$B$44,0)),INDEX(Aprile!AM$12:AM$44,MATCH($B21,Aprile!$B$12:$B$44,0)),INDEX(Maggio!AM$12:AM$44,MATCH($B21,Maggio!$B$12:$B$44,0)),INDEX(Giugno!AM$12:AM$44,MATCH($B21,Giugno!$B$12:$B$44,0)),INDEX(Luglio!AM$12:AM$44,MATCH($B21,Luglio!$B$12:$B$44,0)))) -> 0 | I21: =IF(Q10=0,0,D21/Q10) -> 0 | J21: =IF(Q10=0,0,E21/Q10) -> 0 | K21: =IF(Q10=0,0,F21/Q10) -> 0 | L21: =IF(Q10=0,0,G21/Q10) -> 0 | M21: =IF(Q10=0,0,H21/Q10) -> 0
B22: 11 | D22: =IF(OR(ISBLANK($B22),ISBLANK($C22)),0,SUM(INDEX(Agosto!AI$12:AI$44,MATCH($B22,Agosto!$B$12:$B$44,0)),INDEX(Settembre!AI$12:AI$44,MATCH($B22,Settembre!$B$12:$B$44,0)),INDEX(Ottobre!AI$12:AI$44,MATCH($B22,Ottobre!$B$12:$B$44,0)),INDEX(Novembre!AI$12:AI$44,MATCH($B22,Novembre!$B$12:$B$44,0)),INDEX(Dicembre!AI$12:AI$44,MATCH($B22,Dicembre!$B$12:$B$44,0)),INDEX(Gennaio!AI$12:AI$44,MATCH($B22,Gennaio!$B$12:$B$44,0)),INDEX(Febbraio!AI$12:AI$44,MATCH($B22,Febbraio!$B$12:$B$44,0)),INDEX(Marzo!AI$12:AI$44,MATCH($B22,Marzo!$B$12:$B$44,0)),INDEX(Aprile!AI$12:AI$44,MATCH($B22,Aprile!$B$12:$B$44,0)),INDEX(Maggio!AI$12:AI$44,MATCH($B22,Maggio!$B$12:$B$44,0)),INDEX(Giugno!AI$12:AI$44,MATCH($B22,Giugno!$B$12:$B$44,0)),INDEX(Luglio!AI$12:AI$44,MATCH($B22,Luglio!$B$12:$B$44,0)))) -> 0 | E22: =IF(OR(ISBLANK($B22),ISBLANK($C22)),0,SUM(INDEX(Agosto!AJ$12:AJ$44,MATCH($B22,Agosto!$B$12:$B$44,0)),INDEX(Settembre!AJ$12:AJ$44,MATCH($B22,Settembre!$B$12:$B$44,0)),INDEX(Ottobre!AJ$12:AJ$44,MATCH($B22,Ottobre!$B$12:$B$44,0)),INDEX(Novembre!AJ$12:AJ$44,MATCH($B22,Novembre!$B$12:$B$44,0)),INDEX(Dicembre!AJ$12:AJ$44,MATCH($B22,Dicembre!$B$12:$B$44,0)),INDEX(Gennaio!AJ$12:AJ$44,MATCH($B22,Gennaio!$B$12:$B$44,0)),INDEX(Febbraio!AJ$12:AJ$44,MATCH($B22,Febbraio!$B$12:$B$44,0)),INDEX(Marzo!AJ$12:AJ$44,MATCH($B22,Marzo!$B$12:$B$44,0)),INDEX(Aprile!AJ$12:AJ$44,MATCH($B22,Aprile!$B$12:$B$44,0)),INDEX(Maggio!AJ$12:AJ$44,MATCH($B22,Maggio!$B$12:$B$44,0)),INDEX(Giugno!AJ$12:AJ$44,MATCH($B22,Giugno!$B$12:$B$44,0)),INDEX(Luglio!AJ$12:AJ$44,MATCH($B22,Luglio!$B$12:$B$44,0)))) -> 0 | F22: =IF(OR(ISBLANK($B22),ISBLANK($C22)),0,SUM(INDEX(Agosto!AK$12:AK$44,MATCH($B22,Agosto!$B$12:$B$44,0)),INDEX(Settembre!AK$12:AK$44,MATCH($B22,Settembre!$B$12:$B$44,0)),INDEX(Ottobre!AK$12:AK$44,MATCH($B22,Ottobre!$B$12:$B$44,0)),INDEX(Novembre!AK$12:AK$44,MATCH($B22,Novembre!$B$12:$B$44,0)),INDEX(Dicembre!AK$12:AK$44,MATCH($B22,Dicembre!$B$12:$B$44,0)),INDEX(Gennaio!AK$12:AK$44,MATCH($B22,Gennaio!$B$12:$B$44,0)),INDEX(Febbraio!AK$12:AK$44,MATCH($B22,Febbraio!$B$12:$B$44,0)),INDEX(Marzo!AK$12:AK$44,MATCH($B22,Marzo!$B$12:$B$44,0)),INDEX(Aprile!AK$12:AK$44,MATCH($B22,Aprile!$B$12:$B$44,0)),INDEX(Maggio!AK$12:AK$44,MATCH($B22,Maggio!$B$12:$B$44,0)),INDEX(Giugno!AK$12:AK$44,MATCH($B22,Giugno!$B$12:$B$44,0)),INDEX(Luglio!AK$12:AK$44,MATCH($B22,Luglio!$B$12:$B$44,0)))) -> 0 | G22: =IF(OR(ISBLANK($B22),ISBLANK($C22)),0,SUM(INDEX(Agosto!AL$12:AL$44,MATCH($B22,Agosto!$B$12:$B$44,0)),INDEX(Settembre!AL$12:AL$44,MATCH($B22,Settembre!$B$12:$B$44,0)),INDEX(Ottobre!AL$12:AL$44,MATCH($B22,Ottobre!$B$12:$B$44,0)),INDEX(Novembre!AL$12:AL$44,MATCH($B22,Novembre!$B$12:$B$44,0)),INDEX(Dicembre!AL$12:AL$44,MATCH($B22,Dicembre!$B$12:$B$44,0)),INDEX(Gennaio!AL$12:AL$44,MATCH($B22,Gennaio!$B$12:$B$44,0)),INDEX(Febbraio!AL$12:AL$44,MATCH($B22,Febbraio!$B$12:$B$44,0)),INDEX(Marzo!AL$12:AL$44,MATCH($B22,Marzo!$B$12:$B$44,0)),INDEX(Aprile!AL$12:AL$44,MATCH($B22,Aprile!$B$12:$B$44,0)),INDEX(Maggio!AL$12:AL$44,MATCH($B22,Maggio!$B$12:$B$44,0)),INDEX(Giugno!AL$12:AL$44,MATCH($B22,Giugno!$B$12:$B$44,0)),INDEX(Luglio!AL$12:AL$44,MATCH($B22,Luglio!$B$12:$B$44,0)))) -> 0 | H22: =IF(OR(ISBLANK($B22),ISBLANK($C22)),0,SUM(INDEX(Agosto!AM$12:AM$44,MATCH($B22,Agosto!$B$12:$B$44,0)),INDEX(Settembre!AM$12:AM$44,MATCH($B22,Settembre!$B$12:$B$44,0)),INDEX(Ottobre!AM$12:AM$44,MATCH($B22,Ottobre!$B$12:$B$44,0)),INDEX(Novembre!AM$12:AM$44,MATCH($B22,Novembre!$B$12:$B$44,0)),INDEX(Dicembre!AM$12:AM$44,MATCH($B22,Dicembre!$B$12:$B$44,0)),INDEX(Gennaio!AM$12:AM$44,MATCH($B22,Gennaio!$B$12:$B$44,0)),INDEX(Febbraio!AM$12:AM$44,MATCH($B22,Febbraio!$B$12:$B$44,0)),INDEX(Marzo!AM$12:AM$44,MATCH($B22,Marzo!$B$12:$B$44,0)),INDEX(Aprile!AM$12:AM$44,MATCH($B22,Aprile!$B$12:$B$44,0)),INDEX(Maggio!AM$12:AM$44,MATCH($B22,Maggio!$B$12:$B$44,0)),INDEX(Giugno!AM$12:AM$44,MATCH($B22,Giugno!$B$12:$B$44,0)),INDEX(Luglio!AM$12:AM$44,MATCH($B22,Luglio!$B$12:$B$44,0)))) -> 0 | I22: =IF(Q10=0,0,D22/Q10) -> 0 | J22: =IF(Q10=0,0,E22/Q10) -> 0 | K22: =IF(Q10=0,0,F22/Q10) -> 0 | L22: =IF(Q10=0,0,G22/Q10) -> 0 | M22: =IF(Q10=0,0,H22/Q10) -> 0
B23: 12 | D23: =IF(OR(ISBLANK($B23),ISBLANK($C23)),0,SUM(INDEX(Agosto!AI$12:AI$44,MATCH($B23,Agosto!$B$12:$B$44,0)),INDEX(Settembre!AI$12:AI$44,MATCH($B23,Settembre!$B$12:$B$44,0)),INDEX(Ottobre!AI$12:AI$44,MATCH($B23,Ottobre!$B$12:$B$44,0)),INDEX(Novembre!AI$12:AI$44,MATCH($B23,Novembre!$B$12:$B$44,0)),INDEX(Dicembre!AI$12:AI$44,MATCH($B23,Dicembre!$B$12:$B$44,0)),INDEX(Gennaio!AI$12:AI$44,MATCH($B23,Gennaio!$B$12:$B$44,0)),INDEX(Febbraio!AI$12:AI$44,MATCH($B23,Febbraio!$B$12:$B$44,0)),INDEX(Marzo!AI$12:AI$44,MATCH($B23,Marzo!$B$12:$B$44,0)),INDEX(Aprile!AI$12:AI$44,MATCH($B23,Aprile!$B$12:$B$44,0)),INDEX(Maggio!AI$12:AI$44,MATCH($B23,Maggio!$B$12:$B$44,0)),INDEX(Giugno!AI$12:AI$44,MATCH($B23,Giugno!$B$12:$B$44,0)),INDEX(Luglio!AI$12:AI$44,MATCH($B23,Luglio!$B$12:$B$44,0)))) -> 0 | E23: =IF(OR(ISBLANK($B23),ISBLANK($C23)),0,SUM(INDEX(Agosto!AJ$12:AJ$44,MATCH($B23,Agosto!$B$12:$B$44,0)),INDEX(Settembre!AJ$12:AJ$44,MATCH($B23,Settembre!$B$12:$B$44,0)),INDEX(Ottobre!AJ$12:AJ$44,MATCH($B23,Ottobre!$B$12:$B$44,0)),INDEX(Novembre!AJ$12:AJ$44,MATCH($B23,Novembre!$B$12:$B$44,0)),INDEX(Dicembre!AJ$12:AJ$44,MATCH($B23,Dicembre!$B$12:$B$44,0)),INDEX(Gennaio!AJ$12:AJ$44,MATCH($B23,Gennaio!$B$12:$B$44,0)),INDEX(Febbraio!AJ$12:AJ$44,MATCH($B23,Febbraio!$B$12:$B$44,0)),INDEX(Marzo!AJ$12:AJ$44,MATCH($B23,Marzo!$B$12:$B$44,0)),INDEX(Aprile!AJ$12:AJ$44,MATCH($B23,Aprile!$B$12:$B$44,0)),INDEX(Maggio!AJ$12:AJ$44,MATCH($B23,Maggio!$B$12:$B$44,0)),INDEX(Giugno!AJ$12:AJ$44,MATCH($B23,Giugno!$B$12:$B$44,0)),INDEX(Luglio!AJ$12:AJ$44,MATCH($B23,Luglio!$B$12:$B$44,0)))) -> 0 | F23: =IF(OR(ISBLANK($B23),ISBLANK($C23)),0,SUM(INDEX(Agosto!AK$12:AK$44,MATCH($B23,Agosto!$B$12:$B$44,0)),INDEX(Settembre!AK$12:AK$44,MATCH($B23,Settembre!$B$12:$B$44,0)),INDEX(Ottobre!AK$12:AK$44,MATCH($B23,Ottobre!$B$12:$B$44,0)),INDEX(Novembre!AK$12:AK$44,MATCH($B23,Novembre!$B$12:$B$44,0)),INDEX(Dicembre!AK$12:AK$44,MATCH($B23,Dicembre!$B$12:$B$44,0)),INDEX(Gennaio!AK$12:AK$44,MATCH($B23,Gennaio!$B$12:$B$44,0)),INDEX(Febbraio!AK$12:AK$44,MATCH($B23,Febbraio!$B$12:$B$44,0)),INDEX(Marzo!AK$12:AK$44,MATCH($B23,Marzo!$B$12:$B$44,0)),INDEX(Aprile!AK$12:AK$44,MATCH($B23,Aprile!$B$12:$B$44,0)),INDEX(Maggio!AK$12:AK$44,MATCH($B23,Maggio!$B$12:$B$44,0)),INDEX(Giugno!AK$12:AK$44,MATCH($B23,Giugno!$B$12:$B$44,0)),INDEX(Luglio!AK$12:AK$44,MATCH($B23,Luglio!$B$12:$B$44,0)))) -> 0 | G23: =IF(OR(ISBLANK($B23),ISBLANK($C23)),0,SUM(INDEX(Agosto!AL$12:AL$44,MATCH($B23,Agosto!$B$12:$B$44,0)),INDEX(Settembre!AL$12:AL$44,MATCH($B23,Settembre!$B$12:$B$44,0)),INDEX(Ottobre!AL$12:AL$44,MATCH($B23,Ottobre!$B$12:$B$44,0)),INDEX(Novembre!AL$12:AL$44,MATCH($B23,Novembre!$B$12:$B$44,0)),INDEX(Dicembre!AL$12:AL$44,MATCH($B23,Dicembre!$B$12:$B$44,0)),INDEX(Gennaio!AL$12:AL$44,MATCH($B23,Gennaio!$B$12:$B$44,0)),INDEX(Febbraio!AL$12:AL$44,MATCH($B23,Febbraio!$B$12:$B$44,0)),INDEX(Marzo!AL$12:AL$44,MATCH($B23,Marzo!$B$12:$B$44,0)),INDEX(Aprile!AL$12:AL$44,MATCH($B23,Aprile!$B$12:$B$44,0)),INDEX(Maggio!AL$12:AL$44,MATCH($B23,Maggio!$B$12:$B$44,0)),INDEX(Giugno!AL$12:AL$44,MATCH($B23,Giugno!$B$12:$B$44,0)),INDEX(Luglio!AL$12:AL$44,MATCH($B23,Luglio!$B$12:$B$44,0)))) -> 0 | H23: =IF(OR(ISBLANK($B23),ISBLANK($C23)),0,SUM(INDEX(Agosto!AM$12:AM$44,MATCH($B23,Agosto!$B$12:$B$44,0)),INDEX(Settembre!AM$12:AM$44,MATCH($B23,Settembre!$B$12:$B$44,0)),INDEX(Ottobre!AM$12:AM$44,MATCH($B23,Ottobre!$B$12:$B$44,0)),INDEX(Novembre!AM$12:AM$44,MATCH($B23,Novembre!$B$12:$B$44,0)),INDEX(Dicembre!AM$12:AM$44,MATCH($B23,Dicembre!$B$12:$B$44,0)),INDEX(Gennaio!AM$12:AM$44,MATCH($B23,Gennaio!$B$12:$B$44,0)),INDEX(Febbraio!AM$12:AM$44,MATCH($B23,Febbraio!$B$12:$B$44,0)),INDEX(Marzo!AM$12:AM$44,MATCH($B23,Marzo!$B$12:$B$44,0)),INDEX(Aprile!AM$12:AM$44,MATCH($B23,Aprile!$B$12:$B$44,0)),INDEX(Maggio!AM$12:AM$44,MATCH($B23,Maggio!$B$12:$B$44,0)),INDEX(Giugno!AM$12:AM$44,MATCH($B23,Giugno!$B$12:$B$44,0)),INDEX(Luglio!AM$12:AM$44,MATCH($B23,Luglio!$B$12:$B$44,0)))) -> 0 | I23: =IF(Q10=0,0,D23/Q10) -> 0 | J23: =IF(Q10=0,0,E23/Q10) -> 0 | K23: =IF(Q10=0,0,F23/Q10) -> 0 | L23: =IF(Q10=0,0,G23/Q10) -> 0 | M23: =IF(Q10=0,0,H23/Q10) -> 0
B24: 13 | D24: =IF(OR(ISBLANK($B24),ISBLANK($C24)),0,SUM(INDEX(Agosto!AI$12:AI$44,MATCH($B24,Agosto!$B$12:$B$44,0)),INDEX(Settembre!AI$12:AI$44,MATCH($B24,Settembre!$B$12:$B$44,0)),INDEX(Ottobre!AI$12:AI$44,MATCH($B24,Ottobre!$B$12:$B$44,0)),INDEX(Novembre!AI$12:AI$44,MATCH($B24,Novembre!$B$12:$B$44,0)),INDEX(Dicembre!AI$12:AI$44,MATCH($B24,Dicembre!$B$12:$B$44,0)),INDEX(Gennaio!AI$12:AI$44,MATCH($B24,Gennaio!$B$12:$B$44,0)),INDEX(Febbraio!AI$12:AI$44,MATCH($B24,Febbraio!$B$12:$B$44,0)),INDEX(Marzo!AI$12:AI$44,MATCH($B24,Marzo!$B$12:$B$44,0)),INDEX(Aprile!AI$12:AI$44,MATCH($B24,Aprile!$B$12:$B$44,0)),INDEX(Maggio!AI$12:AI$44,MATCH($B24,Maggio!$B$12:$B$44,0)),INDEX(Giugno!AI$12:AI$44,MATCH($B24,Giugno!$B$12:$B$44,0)),INDEX(Luglio!AI$12:AI$44,MATCH($B24,Luglio!$B$12:$B$44,0)))) -> 0 | E24: =IF(OR(ISBLANK($B24),ISBLANK($C24)),0,SUM(INDEX(Agosto!AJ$12:AJ$44,MATCH($B24,Agosto!$B$12:$B$44,0)),INDEX(Settembre!AJ$12:AJ$44,MATCH($B24,Settembre!$B$12:$B$44,0)),INDEX(Ottobre!AJ$12:AJ$44,MATCH($B24,Ottobre!$B$12:$B$44,0)),INDEX(Novembre!AJ$12:AJ$44,MATCH($B24,Novembre!$B$12:$B$44,0)),INDEX(Dicembre!AJ$12:AJ$44,MATCH($B24,Dicembre!$B$12:$B$44,0)),INDEX(Gennaio!AJ$12:AJ$44,MATCH($B24,Gennaio!$B$12:$B$44,0)),INDEX(Febbraio!AJ$12:AJ$44,MATCH($B24,Febbraio!$B$12:$B$44,0)),INDEX(Marzo!AJ$12:AJ$44,MATCH($B24,Marzo!$B$12:$B$44,0)),INDEX(Aprile!AJ$12:AJ$44,MATCH($B24,Aprile!$B$12:$B$44,0)),INDEX(Maggio!AJ$12:AJ$44,MATCH($B24,Maggio!$B$12:$B$44,0)),INDEX(Giugno!AJ$12:AJ$44,MATCH($B24,Giugno!$B$12:$B$44,0)),INDEX(Luglio!AJ$12:AJ$44,MATCH($B24,Luglio!$B$12:$B$44,0)))) -> 0 | F24: =IF(OR(ISBLANK($B24),ISBLANK($C24)),0,SUM(INDEX(Agosto!AK$12:AK$44,MATCH($B24,Agosto!$B$12:$B$44,0)),INDEX(Settembre!AK$12:AK$44,MATCH($B24,Settembre!$B$12:$B$44,0)),INDEX(Ottobre!AK$12:AK$44,MATCH($B24,Ottobre!$B$12:$B$44,0)),INDEX(Novembre!AK$12:AK$44,MATCH($B24,Novembre!$B$12:$B$44,0)),INDEX(Dicembre!AK$12:AK$44,MATCH($B24,Dicembre!$B$12:$B$44,0)),INDEX(Gennaio!AK$12:AK$44,MATCH($B24,Gennaio!$B$12:$B$44,0)),INDEX(Febbraio!AK$12:AK$44,MATCH($B24,Febbraio!$B$12:$B$44,0)),INDEX(Marzo!AK$12:AK$44,MATCH($B24,Marzo!$B$12:$B$44,0)),INDEX(Aprile!AK$12:AK$44,MATCH($B24,Aprile!$B$12:$B$44,0)),INDEX(Maggio!AK$12:AK$44,MATCH($B24,Maggio!$B$12:$B$44,0)),INDEX(Giugno!AK$12:AK$44,MATCH($B24,Giugno!$B$12:$B$44,0)),INDEX(Luglio!AK$12:AK$44,MATCH($B24,Luglio!$B$12:$B$44,0)))) -> 0 | G24: =IF(OR(ISBLANK($B24),ISBLANK($C24)),0,SUM(INDEX(Agosto!AL$12:AL$44,MATCH($B24,Agosto!$B$12:$B$44,0)),INDEX(Settembre!AL$12:AL$44,MATCH($B24,Settembre!$B$12:$B$44,0)),INDEX(Ottobre!AL$12:AL$44,MATCH($B24,Ottobre!$B$12:$B$44,0)),INDEX(Novembre!AL$12:AL$44,MATCH($B24,Novembre!$B$12:$B$44,0)),INDEX(Dicembre!AL$12:AL$44,MATCH($B24,Dicembre!$B$12:$B$44,0)),INDEX(Gennaio!AL$12:AL$44,MATCH($B24,Gennaio!$B$12:$B$44,0)),INDEX(Febbraio!AL$12:AL$44,MATCH($B24,Febbraio!$B$12:$B$44,0)),INDEX(Marzo!AL$12:AL$44,MATCH($B24,Marzo!$B$12:$B$44,0)),INDEX(Aprile!AL$12:AL$44,MATCH($B24,Aprile!$B$12:$B$44,0)),INDEX(Maggio!AL$12:AL$44,MATCH($B24,Maggio!$B$12:$B$44,0)),INDEX(Giugno!AL$12:AL$44,MATCH($B24,Giugno!$B$12:$B$44,0)),INDEX(Luglio!AL$12:AL$44,MATCH($B24,Luglio!$B$12:$B$44,0)))) -> 0 | H24: =IF(OR(ISBLANK($B24),ISBLANK($C24)),0,SUM(INDEX(Agosto!AM$12:AM$44,MATCH($B24,Agosto!$B$12:$B$44,0)),INDEX(Settembre!AM$12:AM$44,MATCH($B24,Settembre!$B$12:$B$44,0)),INDEX(Ottobre!AM$12:AM$44,MATCH($B24,Ottobre!$B$12:$B$44,0)),INDEX(Novembre!AM$12:AM$44,MATCH($B24,Novembre!$B$12:$B$44,0)),INDEX(Dicembre!AM$12:AM$44,MATCH($B24,Dicembre!$B$12:$B$44,0)),INDEX(Gennaio!AM$12:AM$44,MATCH($B24,Gennaio!$B$12:$B$44,0)),INDEX(Febbraio!AM$12:AM$44,MATCH($B24,Febbraio!$B$12:$B$44,0)),INDEX(Marzo!AM$12:AM$44,MATCH($B24,Marzo!$B$12:$B$44,0)),INDEX(Aprile!AM$12:AM$44,MATCH($B24,Aprile!$B$12:$B$44,0)),INDEX(Maggio!AM$12:AM$44,MATCH($B24,Maggio!$B$12:$B$44,0)),INDEX(Giugno!AM$12:AM$44,MATCH($B24,Giugno!$B$12:$B$44,0)),INDEX(Luglio!AM$12:AM$44,MATCH($B24,Luglio!$B$12:$B$44,0)))) -> 0 | I24: =IF(Q10=0,0,D24/Q10) -> 0 | J24: =IF(Q10=0,0,E24/Q10) -> 0 | K24: =IF(Q10=0,0,F24/Q10) -> 0 | L24: =IF(Q10=0,0,G24/Q10) -> 0 | M24: =IF(Q10=0,0,H24/Q10) -> 0
B25: 14 | D25: =IF(OR(ISBLANK($B25),ISBLANK($C25)),0,SUM(INDEX(Agosto!AI$12:AI$44,MATCH($B25,Agosto!$B$12:$B$44,0)),INDEX(Settembre!AI$12:AI$44,MATCH($B25,Settembre!$B$12:$B$44,0)),INDEX(Ottobre!AI$12:AI$44,MATCH($B25,Ottobre!$B$12:$B$44,0)),INDEX(Novembre!AI$12:AI$44,MATCH($B25,Novembre!$B$12:$B$44,0)),INDEX(Dicembre!AI$12:AI$44,MATCH($B25,Dicembre!$B$12:$B$44,0)),INDEX(Gennaio!AI$12:AI$44,MATCH($B25,Gennaio!$B$12:$B$44,0)),INDEX(Febbraio!AI$12:AI$44,MATCH($B25,Febbraio!$B$12:$B$44,0)),INDEX(Marzo!AI$12:AI$44,MATCH($B25,Marzo!$B$12:$B$44,0)),INDEX(Aprile!AI$12:AI$44,MATCH($B25,Aprile!$B$12:$B$44,0)),INDEX(Maggio!AI$12:AI$44,MATCH($B25,Maggio!$B$12:$B$44,0)),INDEX(Giugno!AI$12:AI$44,MATCH($B25,Giugno!$B$12:$B$44,0)),INDEX(Luglio!AI$12:AI$44,MATCH($B25,Luglio!$B$12:$B$44,0)))) -> 0 | E25: =IF(OR(ISBLANK($B25),ISBLANK($C25)),0,SUM(INDEX(Agosto!AJ$12:AJ$44,MATCH($B25,Agosto!$B$12:$B$44,0)),INDEX(Settembre!AJ$12:AJ$44,MATCH($B25,Settembre!$B$12:$B$44,0)),INDEX(Ottobre!AJ$12:AJ$44,MATCH($B25,Ottobre!$B$12:$B$44,0)),INDEX(Novembre!AJ$12:AJ$44,MATCH($B25,Novembre!$B$12:$B$44,0)),INDEX(Dicembre!AJ$12:AJ$44,MATCH($B25,Dicembre!$B$12:$B$44,0)),INDEX(Gennaio!AJ$12:AJ$44,MATCH($B25,Gennaio!$B$12:$B$44,0)),INDEX(Febbraio!AJ$12:AJ$44,MATCH($B25,Febbraio!$B$12:$B$44,0)),INDEX(Marzo!AJ$12:AJ$44,MATCH($B25,Marzo!$B$12:$B$44,0)),INDEX(Aprile!AJ$12:AJ$44,MATCH($B25,Aprile!$B$12:$B$44,0)),INDEX(Maggio!AJ$12:AJ$44,MATCH($B25,Maggio!$B$12:$B$44,0)),INDEX(Giugno!AJ$12:AJ$44,MATCH($B25,Giugno!$B$12:$B$44,0)),INDEX(Luglio!AJ$12:AJ$44,MATCH($B25,Luglio!$B$12:$B$44,0)))) -> 0 | F25: =IF(OR(ISBLANK($B25),ISBLANK($C25)),0,SUM(INDEX(Agosto!AK$12:AK$44,MATCH($B25,Agosto!$B$12:$B$44,0)),INDEX(Settembre!AK$12:AK$44,MATCH($B25,Settembre!$B$12:$B$44,0)),INDEX(Ottobre!AK$12:AK$44,MATCH($B25,Ottobre!$B$12:$B$44,0)),INDEX(Novembre!AK$12:AK$44,MATCH($B25,Novembre!$B$12:$B$44,0)),INDEX(Dicembre!AK$12:AK$44,MATCH($B25,Dicembre!$B$12:$B$44,0)),INDEX(Gennaio!AK$12:AK$44,MATCH($B25,Gennaio!$B$12:$B$44,0)),INDEX(Febbraio!AK$12:AK$44,MATCH($B25,Febbraio!$B$12:$B$44,0)),INDEX(Marzo!AK$12:AK$44,MATCH($B25,Marzo!$B$12:$B$44,0)),INDEX(Aprile!AK$12:AK$44,MATCH($B25,Aprile!$B$12:$B$44,0)),INDEX(Maggio!AK$12:AK$44,MATCH($B25,Maggio!$B$12:$B$44,0)),INDEX(Giugno!AK$12:AK$44,MATCH($B25,Giugno!$B$12:$B$44,0)),INDEX(Luglio!AK$12:AK$44,MATCH($B25,Luglio!$B$12:$B$44,0)))) -> 0 | G25: =IF(OR(ISBLANK($B25),ISBLANK($C25)),0,SUM(INDEX(Agosto!AL$12:AL$44,MATCH($B25,Agosto!$B$12:$B$44,0)),INDEX(Settembre!AL$12:AL$44,MATCH($B25,Settembre!$B$12:$B$44,0)),INDEX(Ottobre!AL$12:AL$44,MATCH($B25,Ottobre!$B$12:$B$44,0)),INDEX(Novembre!AL$12:AL$44,MATCH($B25,Novembre!$B$12:$B$44,0)),INDEX(Dicembre!AL$12:AL$44,MATCH($B25,Dicembre!$B$12:$B$44,0)),INDEX(Gennaio!AL$12:AL$44,MATCH($B25,Gennaio!$B$12:$B$44,0)),INDEX(Febbraio!AL$12:AL$44,MATCH($B25,Febbraio!$B$12:$B$44,0)),INDEX(Marzo!AL$12:AL$44,MATCH($B25,Marzo!$B$12:$B$44,0)),INDEX(Aprile!AL$12:AL$44,MATCH($B25,Aprile!$B$12:$B$44,0)),INDEX(Maggio!AL$12:AL$44,MATCH($B25,Maggio!$B$12:$B$44,0)),INDEX(Giugno!AL$12:AL$44,MATCH($B25,Giugno!$B$12:$B$44,0)),INDEX(Luglio!AL$12:AL$44,MATCH($B25,Luglio!$B$12:$B$44,0)))) -> 0 | H25: =IF(OR(ISBLANK($B25),ISBLANK($C25)),0,SUM(INDEX(Agosto!AM$12:AM$44,MATCH($B25,Agosto!$B$12:$B$44,0)),INDEX(Settembre!AM$12:AM$44,MATCH($B25,Settembre!$B$12:$B$44,0)),INDEX(Ottobre!AM$12:AM$44,MATCH($B25,Ottobre!$B$12:$B$44,0)),INDEX(Novembre!AM$12:AM$44,MATCH($B25,Novembre!$B$12:$B$44,0)),INDEX(Dicembre!AM$12:AM$44,MATCH($B25,Dicembre!$B$12:$B$44,0)),INDEX(Gennaio!AM$12:AM$44,MATCH($B25,Gennaio!$B$12:$B$44,0)),INDEX(Febbraio!AM$12:AM$44,MATCH($B25,Febbraio!$B$12:$B$44,0)),INDEX(Marzo!AM$12:AM$44,MATCH($B25,Marzo!$B$12:$B$44,0)),INDEX(Aprile!AM$12:AM$44,MATCH($B25,Aprile!$B$12:$B$44,0)),INDEX(Maggio!AM$12:AM$44,MATCH($B25,Maggio!$B$12:$B$44,0)),INDEX(Giugno!AM$12:AM$44,MATCH($B25,Giugno!$B$12:$B$44,0)),INDEX(Luglio!AM$12:AM$44,MATCH($B25,Luglio!$B$12:$B$44,0)))) -> 0 | I25: =IF(Q10=0,0,D25/Q10) -> 0 | J25: =IF(Q10=0,0,E25/Q10) -> 0 | K25: =IF(Q10=0,0,F25/Q10) -> 0 | L25: =IF(Q10=0,0,G25/Q10) -> 0 | M25: =IF(Q10=0,0,H25/Q10) -> 0
B26: 15 | D26: {=IF(OR(ISBLANK($B26),ISBLANK($C26)),0,SUM(INDEX(Agosto!AI$12:AI$44,MATCH($B26,Agosto!$B$12:$B$44,0)),INDEX(Settembre!AI$12:AI$44,MATCH($B26,Settembre!$B$12:$B$44,0)),INDEX(Ottobre!AI$12:AI$44,MATCH($B26,Ottobre!$B$12:$B$44,0)),INDEX(Novembre!AI$12:AI$44,MATCH($B26,Novembre!$B$12:$B$44,0)),INDEX(Dicembre!AI$12:AI$44,MATCH($B26,Dicembre!$B$12:$B$44,0)),INDEX(Gennaio!AI$12:AI$44,MATCH($B26,Gennaio!$B$12:$B$44,0)),INDEX(Febbraio!AI$12:AI$44,MATCH($B26,Febbraio!$B$12:$B$44,0)),INDEX(Marzo!AI$12:AI$44,MATCH($B26,Marzo!$B$12:$B$44,0)),INDEX(Aprile!AI$12:AI$44,MATCH($B26,Aprile!$B$12:$B$44,0)),INDEX(Maggio!AI$12:AI$44,MATCH($B26,Maggio!$B$12:$B$44,0)),INDEX(Giugno!AI$12:AI$44,MATCH($B26,Giugno!$B$12:$B$44,0)),INDEX(Luglio!AI$12:AI$44,MATCH($B26,Luglio!$B$12:$B$44,0))))} -> 5 | E26: {=IF(OR(ISBLANK($B26),ISBLANK($C26)),0,SUM(INDEX(Agosto!AJ$12:AJ$44,MATCH($B26,Agosto!$B$12:$B$44,0)),INDEX(Settembre!AJ$12:AJ$44,MATCH($B26,Settembre!$B$12:$B$44,0)),INDEX(Ottobre!AJ$12:AJ$44,MATCH($B26,Ottobre!$B$12:$B$44,0)),INDEX(Novembre!AJ$12:AJ$44,MATCH($B26,Novembre!$B$12:$B$44,0)),INDEX(Dicembre!AJ$12:AJ$44,MATCH($B26,Dicembre!$B$12:$B$44,0)),INDEX(Gennaio!AJ$12:AJ$44,MATCH($B26,Gennaio!$B$12:$B$44,0)),INDEX(Febbraio!AJ$12:AJ$44,MATCH($B26,Febbraio!$B$12:$B$44,0)),INDEX(Marzo!AJ$12:AJ$44,MATCH($B26,Marzo!$B$12:$B$44,0)),INDEX(Aprile!AJ$12:AJ$44,MATCH($B26,Aprile!$B$12:$B$44,0)),INDEX(Maggio!AJ$12:AJ$44,MATCH($B26,Maggio!$B$12:$B$44,0)),INDEX(Giugno!AJ$12:AJ$44,MATCH($B26,Giugno!$B$12:$B$44,0)),INDEX(Luglio!AJ$12:AJ$44,MATCH($B26,Luglio!$B$12:$B$44,0))))} -> 2 | F26: {=IF(OR(ISBLANK($B26),ISBLANK($C26)),0,SUM(INDEX(Agosto!AK$12:AK$44,MATCH($B26,Agosto!$B$12:$B$44,0)),INDEX(Settembre!AK$12:AK$44,MATCH($B26,Settembre!$B$12:$B$44,0)),INDEX(Ottobre!AK$12:AK$44,MATCH($B26,Ottobre!$B$12:$B$44,0)),INDEX(Novembre!AK$12:AK$44,MATCH($B26,Novembre!$B$12:$B$44,0)),INDEX(Dicembre!AK$12:AK$44,MATCH($B26,Dicembre!$B$12:$B$44,0)),INDEX(Gennaio!AK$12:AK$44,MATCH($B26,Gennaio!$B$12:$B$44,0)),INDEX(Febbraio!AK$12:AK$44,MATCH($B26,Febbraio!$B$12:$B$44,0)),INDEX(Marzo!AK$12:AK$44,MATCH($B26,Marzo!$B$12:$B$44,0)),INDEX(Aprile!AK$12:AK$44,MATCH($B26,Aprile!$B$12:$B$44,0)),INDEX(Maggio!AK$12:AK$44,MATCH($B26,Maggio!$B$12:$B$44,0)),INDEX(Giugno!AK$12:AK$44,MATCH($B26,Giugno!$B$12:$B$44,0)),INDEX(Luglio!AK$12:AK$44,MATCH($B26,Luglio!$B$12:$B$44,0))))} -> 0 | G26: {=IF(OR(ISBLANK($B26),ISBLANK($C26)),0,SUM(INDEX(Agosto!AL$12:AL$44,MATCH($B26,Agosto!$B$12:$B$44,0)),INDEX(Settembre!AL$12:AL$44,MATCH($B26,Settembre!$B$12:$B$44,0)),INDEX(Ottobre!AL$12:AL$44,MATCH($B26,Ottobre!$B$12:$B$44,0)),INDEX(Novembre!AL$12:AL$44,MATCH($B26,Novembre!$B$12:$B$44,0)),INDEX(Dicembre!AL$12:AL$44,MATCH($B26,Dicembre!$B$12:$B$44,0)),INDEX(Gennaio!AL$12:AL$44,MATCH($B26,Gennaio!$B$12:$B$44,0)),INDEX(Febbraio!AL$12:AL$44,MATCH($B26,Febbraio!$B$12:$B$44,0)),INDEX(Marzo!AL$12:AL$44,MATCH($B26,Marzo!$B$12:$B$44,0)),INDEX(Aprile!AL$12:AL$44,MATCH($B26,Aprile!$B$12:$B$44,0)),INDEX(Maggio!AL$12:AL$44,MATCH($B26,Maggio!$B$12:$B$44,0)),INDEX(Giugno!AL$12:AL$44,MATCH($B26,Giugno!$B$12:$B$44,0)),INDEX(Luglio!AL$12:AL$44,MATCH($B26,Luglio!$B$12:$B$44,0))))} -> 0 | H26: {=IF(OR(ISBLANK($B26),ISBLANK($C26)),0,SUM(INDEX(Agosto!AM$12:AM$44,MATCH($B26,Agosto!$B$12:$B$44,0)),INDEX(Settembre!AM$12:AM$44,MATCH($B26,Settembre!$B$12:$B$44,0)),INDEX(Ottobre!AM$12:AM$44,MATCH($B26,Ottobre!$B$12:$B$44,0)),INDEX(Novembre!AM$12:AM$44,MATCH($B26,Novembre!$B$12:$B$44,0)),INDEX(Dicembre!AM$12:AM$44,MATCH($B26,Dicembre!$B$12:$B$44,0)),INDEX(Gennaio!AM$12:AM$44,MATCH($B26,Gennaio!$B$12:$B$44,0)),INDEX(Febbraio!AM$12:AM$44,MATCH($B26,Febbraio!$B$12:$B$44,0)),INDEX(Marzo!AM$12:AM$44,MATCH($B26,Marzo!$B$12:$B$44,0)),INDEX(Aprile!AM$12:AM$44,MATCH($B26,Aprile!$B$12:$B$44,0)),INDEX(Maggio!AM$12:AM$44,MATCH($B26,Maggio!$B$12:$B$44,0)),INDEX(Giugno!AM$12:AM$44,MATCH($B26,Giugno!$B$12:$B$44,0)),INDEX(Luglio!AM$12:AM$44,MATCH($B26,Luglio!$B$12:$B$44,0))))} -> 0 | I26: =IF(Q10=0,0,D26/Q10) -> 0 | J26: =IF(Q10=0,0,E26/Q10) -> 0 | K26: =IF(Q10=0,0,F26/Q10) -> 0 | L26: =IF(Q10=0,0,G26/Q10) -> 0 | M26: =IF(Q10=0,0,H26/Q10) -> 0
B27: 16 | D27: {=IF(OR(ISBLANK($B27),ISBLANK($C27)),0,SUM(INDEX(Agosto!AI$12:AI$44,MATCH($B27,Agosto!$B$12:$B$44,0)),INDEX(Settembre!AI$12:AI$44,MATCH($B27,Settembre!$B$12:$B$44,0)),INDEX(Ottobre!AI$12:AI$44,MATCH($B27,Ottobre!$B$12:$B$44,0)),INDEX(Novembre!AI$12:AI$44,MATCH($B27,Novembre!$B$12:$B$44,0)),INDEX(Dicembre!AI$12:AI$44,MATCH($B27,Dicembre!$B$12:$B$44,0)),INDEX(Gennaio!AI$12:AI$44,MATCH($B27,Gennaio!$B$12:$B$44,0)),INDEX(Febbraio!AI$12:AI$44,MATCH($B27,Febbraio!$B$12:$B$44,0)),INDEX(Marzo!AI$12:AI$44,MATCH($B27,Marzo!$B$12:$B$44,0)),INDEX(Aprile!AI$12:AI$44,MATCH($B27,Aprile!$B$12:$B$44,0)),INDEX(Maggio!AI$12:AI$44,MATCH($B27,Maggio!$B$12:$B$44,0)),INDEX(Giugno!AI$12:AI$44,MATCH($B27,Giugno!$B$12:$B$44,0)),INDEX(Luglio!AI$12:AI$44,MATCH($B27,Luglio!$B$12:$B$44,0))))} -> 4 | E27: {=IF(OR(ISBLANK($B27),ISBLANK($C27)),0,SUM(INDEX(Agosto!AJ$12:AJ$44,MATCH($B27,Agosto!$B$12:$B$44,0)),INDEX(Settembre!AJ$12:AJ$44,MATCH($B27,Settembre!$B$12:$B$44,0)),INDEX(Ottobre!AJ$12:AJ$44,MATCH($B27,Ottobre!$B$12:$B$44,0)),INDEX(Novembre!AJ$12:AJ$44,MATCH($B27,Novembre!$B$12:$B$44,0)),INDEX(Dicembre!AJ$12:AJ$44,MATCH($B27,Dicembre!$B$12:$B$44,0)),INDEX(Gennaio!AJ$12:AJ$44,MATCH($B27,Gennaio!$B$12:$B$44,0)),INDEX(Febbraio!AJ$12:AJ$44,MATCH($B27,Febbraio!$B$12:$B$44,0)),INDEX(Marzo!AJ$12:AJ$44,MATCH($B27,Marzo!$B$12:$B$44,0)),INDEX(Aprile!AJ$12:AJ$44,MATCH($B27,Aprile!$B$12:$B$44,0)),INDEX(Maggio!AJ$12:AJ$44,MATCH($B27,Maggio!$B$12:$B$44,0)),INDEX(Giugno!AJ$12:AJ$44,MATCH($B27,Giugno!$B$12:$B$44,0)),INDEX(Luglio!AJ$12:AJ$44,MATCH($B27,Luglio!$B$12:$B$44,0))))} -> 3 | F27: {=IF(OR(ISBLANK($B27),ISBLANK($C27)),0,SUM(INDEX(Agosto!AK$12:AK$44,MATCH($B27,Agosto!$B$12:$B$44,0)),INDEX(Settembre!AK$12:AK$44,MATCH($B27,Settembre!$B$12:$B$44,0)),INDEX(Ottobre!AK$12:AK$44,MATCH($B27,Ottobre!$B$12:$B$44,0)),INDEX(Novembre!AK$12:AK$44,MATCH($B27,Novembre!$B$12:$B$44,0)),INDEX(Dicembre!AK$12:AK$44,MATCH($B27,Dicembre!$B$12:$B$44,0)),INDEX(Gennaio!AK$12:AK$44,MATCH($B27,Gennaio!$B$12:$B$44,0)),INDEX(Febbraio!AK$12:AK$44,MATCH($B27,Febbraio!$B$12:$B$44,0)),INDEX(Marzo!AK$12:AK$44,MATCH($B27,Marzo!$B$12:$B$44,0)),INDEX(Aprile!AK$12:AK$44,MATCH($B27,Aprile!$B$12:$B$44,0)),INDEX(Maggio!AK$12:AK$44,MATCH($B27,Maggio!$B$12:$B$44,0)),INDEX(Giugno!AK$12:AK$44,MATCH($B27,Giugno!$B$12:$B$44,0)),INDEX(Luglio!AK$12:AK$44,MATCH($B27,Luglio!$B$12:$B$44,0))))} -> 0 | G27: {=IF(OR(ISBLANK($B27),ISBLANK($C27)),0,SUM(INDEX(Agosto!AL$12:AL$44,MATCH($B27,Agosto!$B$12:$B$44,0)),INDEX(Settembre!AL$12:AL$44,MATCH($B27,Settembre!$B$12:$B$44,0)),INDEX(Ottobre!AL$12:AL$44,MATCH($B27,Ottobre!$B$12:$B$44,0)),INDEX(Novembre!AL$12:AL$44,MATCH($B27,Novembre!$B$12:$B$44,0)),INDEX(Dicembre!AL$12:AL$44,MATCH($B27,Dicembre!$B$12:$B$44,0)),INDEX(Gennaio!AL$12:AL$44,MATCH($B27,Gennaio!$B$12:$B$44,0)),INDEX(Febbraio!AL$12:AL$44,MATCH($B27,Febbraio!$B$12:$B$44,0)),INDEX(Marzo!AL$12:AL$44,MATCH($B27,Marzo!$B$12:$B$44,0)),INDEX(Aprile!AL$12:AL$44,MATCH($B27,Aprile!$B$12:$B$44,0)),INDEX(Maggio!AL$12:AL$44,MATCH($B27,Maggio!$B$12:$B$44,0)),INDEX(Giugno!AL$12:AL$44,MATCH($B27,Giugno!$B$12:$B$44,0)),INDEX(Luglio!AL$12:AL$44,MATCH($B27,Luglio!$B$12:$B$44,0))))} -> 0 | H27: {=IF(OR(ISBLANK($B27),ISBLANK($C27)),0,SUM(INDEX(Agosto!AM$12:AM$44,MATCH($B27,Agosto!$B$12:$B$44,0)),INDEX(Settembre!AM$12:AM$44,MATCH($B27,Settembre!$B$12:$B$44,0)),INDEX(Ottobre!AM$12:AM$44,MATCH($B27,Ottobre!$B$12:$B$44,0)),INDEX(Novembre!AM$12:AM$44,MATCH($B27,Novembre!$B$12:$B$44,0)),INDEX(Dicembre!AM$12:AM$44,MATCH($B27,Dicembre!$B$12:$B$44,0)),INDEX(Gennaio!AM$12:AM$44,MATCH($B27,Gennaio!$B$12:$B$44,0)),INDEX(Febbraio!AM$12:AM$44,MATCH($B27,Febbraio!$B$12:$B$44,0)),INDEX(Marzo!AM$12:AM$44,MATCH($B27,Marzo!$B$12:$B$44,0)),INDEX(Aprile!AM$12:AM$44,MATCH($B27,Aprile!$B$12:$B$44,0)),INDEX(Maggio!AM$12:AM$44,MATCH($B27,Maggio!$B$12:$B$44,0)),INDEX(Giugno!AM$12:AM$44,MATCH($B27,Giugno!$B$12:$B$44,0)),INDEX(Luglio!AM$12:AM$44,MATCH($B27,Luglio!$B$12:$B$44,0))))} -> 0 | I27: =IF(Q10=0,0,D27/Q10) -> 0 | J27: =IF(Q10=0,0,E27/Q10) -> 0 | K27: =IF(Q10=0,0,F27/Q10) -> 0 | L27: =IF(Q10=0,0,G27/Q10) -> 0 | M27: =IF(Q10=0,0,H27/Q10) -> 0
B28: 17 | D28: {=IF(OR(ISBLANK($B28),ISBLANK($C28)),0,SUM(INDEX(Agosto!AI$12:AI$44,MATCH($B28,Agosto!$B$12:$B$44,0)),INDEX(Settembre!AI$12:AI$44,MATCH($B28,Settembre!$B$12:$B$44,0)),INDEX(Ottobre!AI$12:AI$44,MATCH($B28,Ottobre!$B$12:$B$44,0)),INDEX(Novembre!AI$12:AI$44,MATCH($B28,Novembre!$B$12:$B$44,0)),INDEX(Dicembre!AI$12:AI$44,MATCH($B28,Dicembre!$B$12:$B$44,0)),INDEX(Gennaio!AI$12:AI$44,MATCH($B28,Gennaio!$B$12:$B$44,0)),INDEX(Febbraio!AI$12:AI$44,MATCH($B28,Febbraio!$B$12:$B$44,0)),INDEX(Marzo!AI$12:AI$44,MATCH($B28,Marzo!$B$12:$B$44,0)),INDEX(Aprile!AI$12:AI$44,MATCH($B28,Aprile!$B$12:$B$44,0)),INDEX(Maggio!AI$12:AI$44,MATCH($B28,Maggio!$B$12:$B$44,0)),INDEX(Giugno!AI$12:AI$44,MATCH($B28,Giugno!$B$12:$B$44,0)),INDEX(Luglio!AI$12:AI$44,MATCH($B28,Luglio!$B$12:$B$44,0))))} -> 5 | E28: {=IF(OR(ISBLANK($B28),ISBLANK($C28)),0,SUM(INDEX(Agosto!AJ$12:AJ$44,MATCH($B28,Agosto!$B$12:$B$44,0)),INDEX(Settembre!AJ$12:AJ$44,MATCH($B28,Settembre!$B$12:$B$44,0)),INDEX(Ottobre!AJ$12:AJ$44,MATCH($B28,Ottobre!$B$12:$B$44,0)),INDEX(Novembre!AJ$12:AJ$44,MATCH($B28,Novembre!$B$12:$B$44,0)),INDEX(Dicembre!AJ$12:AJ$44,MATCH($B28,Dicembre!$B$12:$B$44,0)),INDEX(Gennaio!AJ$12:AJ$44,MATCH($B28,Gennaio!$B$12:$B$44,0)),INDEX(Febbraio!AJ$12:AJ$44,MATCH($B28,Febbraio!$B$12:$B$44,0)),INDEX(Marzo!AJ$12:AJ$44,MATCH($B28,Marzo!$B$12:$B$44,0)),INDEX(Aprile!AJ$12:AJ$44,MATCH($B28,Aprile!$B$12:$B$44,0)),INDEX(Maggio!AJ$12:AJ$44,MATCH($B28,Maggio!$B$12:$B$44,0)),INDEX(Giugno!AJ$12:AJ$44,MATCH($B28,Giugno!$B$12:$B$44,0)),INDEX(Luglio!AJ$12:AJ$44,MATCH($B28,Luglio!$B$12:$B$44,0))))} -> 1 | F28: {=IF(OR(ISBLANK($B28),ISBLANK($C28)),0,SUM(INDEX(Agosto!AK$12:AK$44,MATCH($B28,Agosto!$B$12:$B$44,0)),INDEX(Settembre!AK$12:AK$44,MATCH($B28,Settembre!$B$12:$B$44,0)),INDEX(Ottobre!AK$12:AK$44,MATCH($B28,Ottobre!$B$12:$B$44,0)),INDEX(Novembre!AK$12:AK$44,MATCH($B28,Novembre!$B$12:$B$44,0)),INDEX(Dicembre!AK$12:AK$44,MATCH($B28,Dicembre!$B$12:$B$44,0)),INDEX(Gennaio!AK$12:AK$44,MATCH($B28,Gennaio!$B$12:$B$44,0)),INDEX(Febbraio!AK$12:AK$44,MATCH($B28,Febbraio!$B$12:$B$44,0)),INDEX(Marzo!AK$12:AK$44,MATCH($B28,Marzo!$B$12:$B$44,0)),INDEX(Aprile!AK$12:AK$44,MATCH($B28,Aprile!$B$12:$B$44,0)),INDEX(Maggio!AK$12:AK$44,MATCH($B28,Maggio!$B$12:$B$44,0)),INDEX(Giugno!AK$12:AK$44,MATCH($B28,Giugno!$B$12:$B$44,0)),INDEX(Luglio!AK$12:AK$44,MATCH($B28,Luglio!$B$12:$B$44,0))))} -> 0 | G28: {=IF(OR(ISBLANK($B28),ISBLANK($C28)),0,SUM(INDEX(Agosto!AL$12:AL$44,MATCH($B28,Agosto!$B$12:$B$44,0)),INDEX(Settembre!AL$12:AL$44,MATCH($B28,Settembre!$B$12:$B$44,0)),INDEX(Ottobre!AL$12:AL$44,MATCH($B28,Ottobre!$B$12:$B$44,0)),INDEX(Novembre!AL$12:AL$44,MATCH($B28,Novembre!$B$12:$B$44,0)),INDEX(Dicembre!AL$12:AL$44,MATCH($B28,Dicembre!$B$12:$B$44,0)),INDEX(Gennaio!AL$12:AL$44,MATCH($B28,Gennaio!$B$12:$B$44,0)),INDEX(Febbraio!AL$12:AL$44,MATCH($B28,Febbraio!$B$12:$B$44,0)),INDEX(Marzo!AL$12:AL$44,MATCH($B28,Marzo!$B$12:$B$44,0)),INDEX(Aprile!AL$12:AL$44,MATCH($B28,Aprile!$B$12:$B$44,0)),INDEX(Maggio!AL$12:AL$44,MATCH($B28,Maggio!$B$12:$B$44,0)),INDEX(Giugno!AL$12:AL$44,MATCH($B28,Giugno!$B$12:$B$44,0)),INDEX(Luglio!AL$12:AL$44,MATCH($B28,Luglio!$B$12:$B$44,0))))} -> 0 | H28: {=IF(OR(ISBLANK($B28),ISBLANK($C28)),0,SUM(INDEX(Agosto!AM$12:AM$44,MATCH($B28,Agosto!$B$12:$B$44,0)),INDEX(Settembre!AM$12:AM$44,MATCH($B28,Settembre!$B$12:$B$44,0)),INDEX(Ottobre!AM$12:AM$44,MATCH($B28,Ottobre!$B$12:$B$44,0)),INDEX(Novembre!AM$12:AM$44,MATCH($B28,Novembre!$B$12:$B$44,0)),INDEX(Dicembre!AM$12:AM$44,MATCH($B28,Dicembre!$B$12:$B$44,0)),INDEX(Gennaio!AM$12:AM$44,MATCH($B28,Gennaio!$B$12:$B$44,0)),INDEX(Febbraio!AM$12:AM$44,MATCH($B28,Febbraio!$B$12:$B$44,0)),INDEX(Marzo!AM$12:AM$44,MATCH($B28,Marzo!$B$12:$B$44,0)),INDEX(Aprile!AM$12:AM$44,MATCH($B28,Aprile!$B$12:$B$44,0)),INDEX(Maggio!AM$12:AM$44,MATCH($B28,Maggio!$B$12:$B$44,0)),INDEX(Giugno!AM$12:AM$44,MATCH($B28,Giugno!$B$12:$B$44,0)),INDEX(Luglio!AM$12:AM$44,MATCH($B28,Luglio!$B$12:$B$44,0))))} -> 1 | I28: =IF(Q10=0,0,D28/Q10) -> 0 | J28: =IF(Q10=0,0,E28/Q10) -> 0 | K28: =IF(Q10=0,0,F28/Q10) -> 0 | L28: =IF(Q10=0,0,G28/Q10) -> 0 | M28: =IF(Q10=0,0,H28/Q10) -> 0
B29: 18 | D29: {=IF(OR(ISBLANK($B29),ISBLANK($C29)),0,SUM(INDEX(Agosto!AI$12:AI$44,MATCH($B29,Agosto!$B$12:$B$44,0)),INDEX(Settembre!AI$12:AI$44,MATCH($B29,Settembre!$B$12:$B$44,0)),INDEX(Ottobre!AI$12:AI$44,MATCH($B29,Ottobre!$B$12:$B$44,0)),INDEX(Novembre!AI$12:AI$44,MATCH($B29,Novembre!$B$12:$B$44,0)),INDEX(Dicembre!AI$12:AI$44,MATCH($B29,Dicembre!$B$12:$B$44,0)),INDEX(Gennaio!AI$12:AI$44,MATCH($B29,Gennaio!$B$12:$B$44,0)),INDEX(Febbraio!AI$12:AI$44,MATCH($B29,Febbraio!$B$12:$B$44,0)),INDEX(Marzo!AI$12:AI$44,MATCH($B29,Marzo!$B$12:$B$44,0)),INDEX(Aprile!AI$12:AI$44,MATCH($B29,Aprile!$B$12:$B$44,0)),INDEX(Maggio!AI$12:AI$44,MATCH($B29,Maggio!$B$12:$B$44,0)),INDEX(Giugno!AI$12:AI$44,MATCH($B29,Giugno!$B$12:$B$44,0)),INDEX(Luglio!AI$12:AI$44,MATCH($B29,Luglio!$B$12:$B$44,0))))} -> 0 | E29: {=IF(OR(ISBLANK($B29),ISBLANK($C29)),0,SUM(INDEX(Agosto!AJ$12:AJ$44,MATCH($B29,Agosto!$B$12:$B$44,0)),INDEX(Settembre!AJ$12:AJ$44,MATCH($B29,Settembre!$B$12:$B$44,0)),INDEX(Ottobre!AJ$12:AJ$44,MATCH($B29,Ottobre!$B$12:$B$44,0)),INDEX(Novembre!AJ$12:AJ$44,MATCH($B29,Novembre!$B$12:$B$44,0)),INDEX(Dicembre!AJ$12:AJ$44,MATCH($B29,Dicembre!$B$12:$B$44,0)),INDEX(Gennaio!AJ$12:AJ$44,MATCH($B29,Gennaio!$B$12:$B$44,0)),INDEX(Febbraio!AJ$12:AJ$44,MATCH($B29,Febbraio!$B$12:$B$44,0)),INDEX(Marzo!AJ$12:AJ$44,MATCH($B29,Marzo!$B$12:$B$44,0)),INDEX(Aprile!AJ$12:AJ$44,MATCH($B29,Aprile!$B$12:$B$44,0)),INDEX(Maggio!AJ$12:AJ$44,MATCH($B29,Maggio!$B$12:$B$44,0)),INDEX(Giugno!AJ$12:AJ$44,MATCH($B29,Giugno!$B$12:$B$44,0)),INDEX(Luglio!AJ$12:AJ$44,MATCH($B29,Luglio!$B$12:$B$44,0))))} -> 0 | F29: {=IF(OR(ISBLANK($B29),ISBLANK($C29)),0,SUM(INDEX(Agosto!AK$12:AK$44,MATCH($B29,Agosto!$B$12:$B$44,0)),INDEX(Settembre!AK$12:AK$44,MATCH($B29,Settembre!$B$12:$B$44,0)),INDEX(Ottobre!AK$12:AK$44,MATCH($B29,Ottobre!$B$12:$B$44,0)),INDEX(Novembre!AK$12:AK$44,MATCH($B29,Novembre!$B$12:$B$44,0)),INDEX(Dicembre!AK$12:AK$44,MATCH($B29,Dicembre!$B$12:$B$44,0)),INDEX(Gennaio!AK$12:AK$44,MATCH($B29,Gennaio!$B$12:$B$44,0)),INDEX(Febbraio!AK$12:AK$44,MATCH($B29,Febbraio!$B$12:$B$44,0)),INDEX(Marzo!AK$12:AK$44,MATCH($B29,Marzo!$B$12:$B$44,0)),INDEX(Aprile!AK$12:AK$44,MATCH($B29,Aprile!$B$12:$B$44,0)),INDEX(Maggio!AK$12:AK$44,MATCH($B29,Maggio!$B$12:$B$44,0)),INDEX(Giugno!AK$12:AK$44,MATCH($B29,Giugno!$B$12:$B$44,0)),INDEX(Luglio!AK$12:AK$44,MATCH($B29,Luglio!$B$12:$B$44,0))))} -> 0 | G29: {=IF(OR(ISBLANK($B29),ISBLANK($C29)),0,SUM(INDEX(Agosto!AL$12:AL$44,MATCH($B29,Agosto!$B$12:$B$44,0)),INDEX(Settembre!AL$12:AL$44,MATCH($B29,Settembre!$B$12:$B$44,0)),INDEX(Ottobre!AL$12:AL$44,MATCH($B29,Ottobre!$B$12:$B$44,0)),INDEX(Novembre!AL$12:AL$44,MATCH($B29,Novembre!$B$12:$B$44,0)),INDEX(Dicembre!AL$12:AL$44,MATCH($B29,Dicembre!$B$12:$B$44,0)),INDEX(Gennaio!AL$12:AL$44,MATCH($B29,Gennaio!$B$12:$B$44,0)),INDEX(Febbraio!AL$12:AL$44,MATCH($B29,Febbraio!$B$12:$B$44,0)),INDEX(Marzo!AL$12:AL$44,MATCH($B29,Marzo!$B$12:$B$44,0)),INDEX(Aprile!AL$12:AL$44,MATCH($B29,Aprile!$B$12:$B$44,0)),INDEX(Maggio!AL$12:AL$44,MATCH($B29,Maggio!$B$12:$B$44,0)),INDEX(Giugno!AL$12:AL$44,MATCH($B29,Giugno!$B$12:$B$44,0)),INDEX(Luglio!AL$12:AL$44,MATCH($B29,Luglio!$B$12:$B$44,0))))} -> 0 | H29: {=IF(OR(ISBLANK($B29),ISBLANK($C29)),0,SUM(INDEX(Agosto!AM$12:AM$44,MATCH($B29,Agosto!$B$12:$B$44,0)),INDEX(Settembre!AM$12:AM$44,MATCH($B29,Settembre!$B$12:$B$44,0)),INDEX(Ottobre!AM$12:AM$44,MATCH($B29,Ottobre!$B$12:$B$44,0)),INDEX(Novembre!AM$12:AM$44,MATCH($B29,Novembre!$B$12:$B$44,0)),INDEX(Dicembre!AM$12:AM$44,MATCH($B29,Dicembre!$B$12:$B$44,0)),INDEX(Gennaio!AM$12:AM$44,MATCH($B29,Gennaio!$B$12:$B$44,0)),INDEX(Febbraio!AM$12:AM$44,MATCH($B29,Febbraio!$B$12:$B$44,0)),INDEX(Marzo!AM$12:AM$44,MATCH($B29,Marzo!$B$12:$B$44,0)),INDEX(Aprile!AM$12:AM$44,MATCH($B29,Aprile!$B$12:$B$44,0)),INDEX(Maggio!AM$12:AM$44,MATCH($B29,Maggio!$B$12:$B$44,0)),INDEX(Giugno!AM$12:AM$44,MATCH($B29,Giugno!$B$12:$B$44,0)),INDEX(Luglio!AM$12:AM$44,MATCH($B29,Luglio!$B$12:$B$44,0))))} -> 7 | I29: =IF(Q10=0,0,D29/Q10) -> 0 | J29: =IF(Q10=0,0,E29/Q10) -> 0 | K29: =IF(Q10=0,0,F29/Q10) -> 0 | L29: =IF(Q10=0,0,G29/Q10) -> 0 | M29: =IF(Q10=0,0,H29/Q10) -> 0
B30: 19 | D30: {=IF(OR(ISBLANK($B30),ISBLANK($C30)),0,SUM(INDEX(Agosto!AI$12:AI$44,MATCH($B30,Agosto!$B$12:$B$44,0)),INDEX(Settembre!AI$12:AI$44,MATCH($B30,Settembre!$B$12:$B$44,0)),INDEX(Ottobre!AI$12:AI$44,MATCH($B30,Ottobre!$B$12:$B$44,0)),INDEX(Novembre!AI$12:AI$44,MATCH($B30,Novembre!$B$12:$B$44,0)),INDEX(Dicembre!AI$12:AI$44,MATCH($B30,Dicembre!$B$12:$B$44,0)),INDEX(Gennaio!AI$12:AI$44,MATCH($B30,Gennaio!$B$12:$B$44,0)),INDEX(Febbraio!AI$12:AI$44,MATCH($B30,Febbraio!$B$12:$B$44,0)),INDEX(Marzo!AI$12:AI$44,MATCH($B30,Marzo!$B$12:$B$44,0)),INDEX(Aprile!AI$12:AI$44,MATCH($B30,Aprile!$B$12:$B$44,0)),INDEX(Maggio!AI$12:AI$44,MATCH($B30,Maggio!$B$12:$B$44,0)),INDEX(Giugno!AI$12:AI$44,MATCH($B30,Giugno!$B$12:$B$44,0)),INDEX(Luglio!AI$12:AI$44,MATCH($B30,Luglio!$B$12:$B$44,0))))} -> 2 | E30: {=IF(OR(ISBLANK($B30),ISBLANK($C30)),0,SUM(INDEX(Agosto!AJ$12:AJ$44,MATCH($B30,Agosto!$B$12:$B$44,0)),INDEX(Settembre!AJ$12:AJ$44,MATCH($B30,Settembre!$B$12:$B$44,0)),INDEX(Ottobre!AJ$12:AJ$44,MATCH($B30,Ottobre!$B$12:$B$44,0)),INDEX(Novembre!AJ$12:AJ$44,MATCH($B30,Novembre!$B$12:$B$44,0)),INDEX(Dicembre!AJ$12:AJ$44,MATCH($B30,Dicembre!$B$12:$B$44,0)),INDEX(Gennaio!AJ$12:AJ$44,MATCH($B30,Gennaio!$B$12:$B$44,0)),INDEX(Febbraio!AJ$12:AJ$44,MATCH($B30,Febbraio!$B$12:$B$44,0)),INDEX(Marzo!AJ$12:AJ$44,MATCH($B30,Marzo!$B$12:$B$44,0)),INDEX(Aprile!AJ$12:AJ$44,MATCH($B30,Aprile!$B$12:$B$44,0)),INDEX(Maggio!AJ$12:AJ$44,MATCH($B30,Maggio!$B$12:$B$44,0)),INDEX(Giugno!AJ$12:AJ$44,MATCH($B30,Giugno!$B$12:$B$44,0)),INDEX(Luglio!AJ$12:AJ$44,MATCH($B30,Luglio!$B$12:$B$44,0))))} -> 5 | F30: {=IF(OR(ISBLANK($B30),ISBLANK($C30)),0,SUM(INDEX(Agosto!AK$12:AK$44,MATCH($B30,Agosto!$B$12:$B$44,0)),INDEX(Settembre!AK$12:AK$44,MATCH($B30,Settembre!$B$12:$B$44,0)),INDEX(Ottobre!AK$12:AK$44,MATCH($B30,Ottobre!$B$12:$B$44,0)),INDEX(Novembre!AK$12:AK$44,MATCH($B30,Novembre!$B$12:$B$44,0)),INDEX(Dicembre!AK$12:AK$44,MATCH($B30,Dicembre!$B$12:$B$44,0)),INDEX(Gennaio!AK$12:AK$44,MATCH($B30,Gennaio!$B$12:$B$44,0)),INDEX(Febbraio!AK$12:AK$44,MATCH($B30,Febbraio!$B$12:$B$44,0)),INDEX(Marzo!AK$12:AK$44,MATCH($B30,Marzo!$B$12:$B$44,0)),INDEX(Aprile!AK$12:AK$44,MATCH($B30,Aprile!$B$12:$B$44,0)),INDEX(Maggio!AK$12:AK$44,MATCH($B30,Maggio!$B$12:$B$44,0)),INDEX(Giugno!AK$12:AK$44,MATCH($B30,Giugno!$B$12:$B$44,0)),INDEX(Luglio!AK$12:AK$44,MATCH($B30,Luglio!$B$12:$B$44,0))))} -> 0 | G30: {=IF(OR(ISBLANK($B30),ISBLANK($C30)),0,SUM(INDEX(Agosto!AL$12:AL$44,MATCH($B30,Agosto!$B$12:$B$44,0)),INDEX(Settembre!AL$12:AL$44,MATCH($B30,Settembre!$B$12:$B$44,0)),INDEX(Ottobre!AL$12:AL$44,MATCH($B30,Ottobre!$B$12:$B$44,0)),INDEX(Novembre!AL$12:AL$44,MATCH($B30,Novembre!$B$12:$B$44,0)),INDEX(Dicembre!AL$12:AL$44,MATCH($B30,Dicembre!$B$12:$B$44,0)),INDEX(Gennaio!AL$12:AL$44,MATCH($B30,Gennaio!$B$12:$B$44,0)),INDEX(Febbraio!AL$12:AL$44,MATCH($B30,Febbraio!$B$12:$B$44,0)),INDEX(Marzo!AL$12:AL$44,MATCH($B30,Marzo!$B$12:$B$44,0)),INDEX(Aprile!AL$12:AL$44,MATCH($B30,Aprile!$B$12:$B$44,0)),INDEX(Maggio!AL$12:AL$44,MATCH($B30,Maggio!$B$12:$B$44,0)),INDEX(Giugno!AL$12:AL$44,MATCH($B30,Giugno!$B$12:$B$44,0)),INDEX(Luglio!AL$12:AL$44,MATCH($B30,Luglio!$B$12:$B$44,0))))} -> 0 | H30: {=IF(OR(ISBLANK($B30),ISBLANK($C30)),0,SUM(INDEX(Agosto!AM$12:AM$44,MATCH($B30,Agosto!$B$12:$B$44,0)),INDEX(Settembre!AM$12:AM$44,MATCH($B30,Settembre!$B$12:$B$44,0)),INDEX(Ottobre!AM$12:AM$44,MATCH($B30,Ottobre!$B$12:$B$44,0)),INDEX(Novembre!AM$12:AM$44,MATCH($B30,Novembre!$B$12:$B$44,0)),INDEX(Dicembre!AM$12:AM$44,MATCH($B30,Dicembre!$B$12:$B$44,0)),INDEX(Gennaio!AM$12:AM$44,MATCH($B30,Gennaio!$B$12:$B$44,0)),INDEX(Febbraio!AM$12:AM$44,MATCH($B30,Febbraio!$B$12:$B$44,0)),INDEX(Marzo!AM$12:AM$44,MATCH($B30,Marzo!$B$12:$B$44,0)),INDEX(Aprile!AM$12:AM$44,MATCH($B30,Aprile!$B$12:$B$44,0)),INDEX(Maggio!AM$12:AM$44,MATCH($B30,Maggio!$B$12:$B$44,0)),INDEX(Giugno!AM$12:AM$44,MATCH($B30,Giugno!$B$12:$B$44,0)),INDEX(Luglio!AM$12:AM$44,MATCH($B30,Luglio!$B$12:$B$44,0))))} -> 0 | I30: =IF(Q10=0,0,D30/Q10) -> 0 | J30: =IF(Q10=0,0,E30/Q10) -> 0 | K30: =IF(Q10=0,0,F30/Q10) -> 0 | L30: =IF(Q10=0,0,G30/Q10) -> 0 | M30: =IF(Q10=0,0,H30/Q10) -> 0
B31: 20 | D31: {=IF(OR(ISBLANK($B31),ISBLANK($C31)),0,SUM(INDEX(Agosto!AI$12:AI$44,MATCH($B31,Agosto!$B$12:$B$44,0)),INDEX(Settembre!AI$12:AI$44,MATCH($B31,Settembre!$B$12:$B$44,0)),INDEX(Ottobre!AI$12:AI$44,MATCH($B31,Ottobre!$B$12:$B$44,0)),INDEX(Novembre!AI$12:AI$44,MATCH($B31,Novembre!$B$12:$B$44,0)),INDEX(Dicembre!AI$12:AI$44,MATCH($B31,Dicembre!$B$12:$B$44,0)),INDEX(Gennaio!AI$12:AI$44,MATCH($B31,Gennaio!$B$12:$B$44,0)),INDEX(Febbraio!AI$12:AI$44,MATCH($B31,Febbraio!$B$12:$B$44,0)),INDEX(Marzo!AI$12:AI$44,MATCH($B31,Marzo!$B$12:$B$44,0)),INDEX(Aprile!AI$12:AI$44,MATCH($B31,Aprile!$B$12:$B$44,0)),INDEX(Maggio!AI$12:AI$44,MATCH($B31,Maggio!$B$12:$B$44,0)),INDEX(Giugno!AI$12:AI$44,MATCH($B31,Giugno!$B$12:$B$44,0)),INDEX(Luglio!AI$12:AI$44,MATCH($B31,Luglio!$B$12:$B$44,0))))} -> 6 | E31: {=IF(OR(ISBLANK($B31),ISBLANK($C31)),0,SUM(INDEX(Agosto!AJ$12:AJ$44,MATCH($B31,Agosto!$B$12:$B$44,0)),INDEX(Settembre!AJ$12:AJ$44,MATCH($B31,Settembre!$B$12:$B$44,0)),INDEX(Ottobre!AJ$12:AJ$44,MATCH($B31,Ottobre!$B$12:$B$44,0)),INDEX(Novembre!AJ$12:AJ$44,MATCH($B31,Novembre!$B$12:$B$44,0)),INDEX(Dicembre!AJ$12:AJ$44,MATCH($B31,Dicembre!$B$12:$B$44,0)),INDEX(Gennaio!AJ$12:AJ$44,MATCH($B31,Gennaio!$B$12:$B$44,0)),INDEX(Febbraio!AJ$12:AJ$44,MATCH($B31,Febbraio!$B$12:$B$44,0)),INDEX(Marzo!AJ$12:AJ$44,MATCH($B31,Marzo!$B$12:$B$44,0)),INDEX(Aprile!AJ$12:AJ$44,MATCH($B31,Aprile!$B$12:$B$44,0)),INDEX(Maggio!AJ$12:AJ$44,MATCH($B31,Maggio!$B$12:$B$44,0)),INDEX(Giugno!AJ$12:AJ$44,MATCH($B31,Giugno!$B$12:$B$44,0)),INDEX(Luglio!AJ$12:AJ$44,MATCH($B31,Luglio!$B$12:$B$44,0))))} -> 1 | F31: {=IF(OR(ISBLANK($B31),ISBLANK($C31)),0,SUM(INDEX(Agosto!AK$12:AK$44,MATCH($B31,Agosto!$B$12:$B$44,0)),INDEX(Settembre!AK$12:AK$44,MATCH($B31,Settembre!$B$12:$B$44,0)),INDEX(Ottobre!AK$12:AK$44,MATCH($B31,Ottobre!$B$12:$B$44,0)),INDEX(Novembre!AK$12:AK$44,MATCH($B31,Novembre!$B$12:$B$44,0)),INDEX(Dicembre!AK$12:AK$44,MATCH($B31,Dicembre!$B$12:$B$44,0)),INDEX(Gennaio!AK$12:AK$44,MATCH($B31,Gennaio!$B$12:$B$44,0)),INDEX(Febbraio!AK$12:AK$44,MATCH($B31,Febbraio!$B$12:$B$44,0)),INDEX(Marzo!AK$12:AK$44,MATCH($B31,Marzo!$B$12:$B$44,0)),INDEX(Aprile!AK$12:AK$44,MATCH($B31,Aprile!$B$12:$B$44,0)),INDEX(Maggio!AK$12:AK$44,MATCH($B31,Maggio!$B$12:$B$44,0)),INDEX(Giugno!AK$12:AK$44,MATCH($B31,Giugno!$B$12:$B$44,0)),INDEX(Luglio!AK$12:AK$44,MATCH($B31,Luglio!$B$12:$B$44,0))))} -> 0 | G31: {=IF(OR(ISBLANK($B31),ISBLANK($C31)),0,SUM(INDEX(Agosto!AL$12:AL$44,MATCH($B31,Agosto!$B$12:$B$44,0)),INDEX(Settembre!AL$12:AL$44,MATCH($B31,Settembre!$B$12:$B$44,0)),INDEX(Ottobre!AL$12:AL$44,MATCH($B31,Ottobre!$B$12:$B$44,0)),INDEX(Novembre!AL$12:AL$44,MATCH($B31,Novembre!$B$12:$B$44,0)),INDEX(Dicembre!AL$12:AL$44,MATCH($B31,Dicembre!$B$12:$B$44,0)),INDEX(Gennaio!AL$12:AL$44,MATCH($B31,Gennaio!$B$12:$B$44,0)),INDEX(Febbraio!AL$12:AL$44,MATCH($B31,Febbraio!$B$12:$B$44,0)),INDEX(Marzo!AL$12:AL$44,MATCH($B31,Marzo!$B$12:$B$44,0)),INDEX(Aprile!AL$12:AL$44,MATCH($B31,Aprile!$B$12:$B$44,0)),INDEX(Maggio!AL$12:AL$44,MATCH($B31,Maggio!$B$12:$B$44,0)),INDEX(Giugno!AL$12:AL$44,MATCH($B31,Giugno!$B$12:$B$44,0)),INDEX(Luglio!AL$12:AL$44,MATCH($B31,Luglio!$B$12:$B$44,0))))} -> 0 | H31: {=IF(OR(ISBLANK($B31),ISBLANK($C31)),0,SUM(INDEX(Agosto!AM$12:AM$44,MATCH($B31,Agosto!$B$12:$B$44,0)),INDEX(Settembre!AM$12:AM$44,MATCH($B31,Settembre!$B$12:$B$44,0)),INDEX(Ottobre!AM$12:AM$44,MATCH($B31,Ottobre!$B$12:$B$44,0)),INDEX(Novembre!AM$12:AM$44,MATCH($B31,Novembre!$B$12:$B$44,0)),INDEX(Dicembre!AM$12:AM$44,MATCH($B31,Dicembre!$B$12:$B$44,0)),INDEX(Gennaio!AM$12:AM$44,MATCH($B31,Gennaio!$B$12:$B$44,0)),INDEX(Febbraio!AM$12:AM$44,MATCH($B31,Febbraio!$B$12:$B$44,0)),INDEX(Marzo!AM$12:AM$44,MATCH($B31,Marzo!$B$12:$B$44,0)),INDEX(Aprile!AM$12:AM$44,MATCH($B31,Aprile!$B$12:$B$44,0)),INDEX(Maggio!AM$12:AM$44,MATCH($B31,Maggio!$B$12:$B$44,0)),INDEX(Giugno!AM$12:AM$44,MATCH($B31,Giugno!$B$12:$B$44,0)),INDEX(Luglio!AM$12:AM$44,MATCH($B31,Luglio!$B$12:$B$44,0))))} -> 0 | I31: =IF(Q10=0,0,D31/Q10) -> 0 | J31: =IF(Q10=0,0,E31/Q10) -> 0 | K31: =IF(Q10=0,0,F31/Q10) -> 0 | L31: =IF(Q10=0,0,G31/Q10) -> 0 | M31: =IF(Q10=0,0,H31/Q10) -> 0
B32: 21 | D32: {=IF(OR(ISBLANK($B32),ISBLANK($C32)),0,SUM(INDEX(Agosto!AI$12:AI$44,MATCH($B32,Agosto!$B$12:$B$44,0)),INDEX(Settembre!AI$12:AI$44,MATCH($B32,Settembre!$B$12:$B$44,0)),INDEX(Ottobre!AI$12:AI$44,MATCH($B32,Ottobre!$B$12:$B$44,0)),INDEX(Novembre!AI$12:AI$44,MATCH($B32,Novembre!$B$12:$B$44,0)),INDEX(Dicembre!AI$12:AI$44,MATCH($B32,Dicembre!$B$12:$B$44,0)),INDEX(Gennaio!AI$12:AI$44,MATCH($B32,Gennaio!$B$12:$B$44,0)),INDEX(Febbraio!AI$12:AI$44,MATCH($B32,Febbraio!$B$12:$B$44,0)),INDEX(Marzo!AI$12:AI$44,MATCH($B32,Marzo!$B$12:$B$44,0)),INDEX(Aprile!AI$12:AI$44,MATCH($B32,Aprile!$B$12:$B$44,0)),INDEX(Maggio!AI$12:AI$44,MATCH($B32,Maggio!$B$12:$B$44,0)),INDEX(Giugno!AI$12:AI$44,MATCH($B32,Giugno!$B$12:$B$44,0)),INDEX(Luglio!AI$12:AI$44,MATCH($B32,Luglio!$B$12:$B$44,0))))} -> 0 | E32: {=IF(OR(ISBLANK($B32),ISBLANK($C32)),0,SUM(INDEX(Agosto!AJ$12:AJ$44,MATCH($B32,Agosto!$B$12:$B$44,0)),INDEX(Settembre!AJ$12:AJ$44,MATCH($B32,Settembre!$B$12:$B$44,0)),INDEX(Ottobre!AJ$12:AJ$44,MATCH($B32,Ottobre!$B$12:$B$44,0)),INDEX(Novembre!AJ$12:AJ$44,MATCH($B32,Novembre!$B$12:$B$44,0)),INDEX(Dicembre!AJ$12:AJ$44,MATCH($B32,Dicembre!$B$12:$B$44,0)),INDEX(Gennaio!AJ$12:AJ$44,MATCH($B32,Gennaio!$B$12:$B$44,0)),INDEX(Febbraio!AJ$12:AJ$44,MATCH($B32,Febbraio!$B$12:$B$44,0)),INDEX(Marzo!AJ$12:AJ$44,MATCH($B32,Marzo!$B$12:$B$44,0)),INDEX(Aprile!AJ$12:AJ$44,MATCH($B32,Aprile!$B$12:$B$44,0)),INDEX(Maggio!AJ$12:AJ$44,MATCH($B32,Maggio!$B$12:$B$44,0)),INDEX(Giugno!AJ$12:AJ$44,MATCH($B32,Giugno!$B$12:$B$44,0)),INDEX(Luglio!AJ$12:AJ$44,MATCH($B32,Luglio!$B$12:$B$44,0))))} -> 0 | F32: {=IF(OR(ISBLANK($B32),ISBLANK($C32)),0,SUM(INDEX(Agosto!AK$12:AK$44,MATCH($B32,Agosto!$B$12:$B$44,0)),INDEX(Settembre!AK$12:AK$44,MATCH($B32,Settembre!$B$12:$B$44,0)),INDEX(Ottobre!AK$12:AK$44,MATCH($B32,Ottobre!$B$12:$B$44,0)),INDEX(Novembre!AK$12:AK$44,MATCH($B32,Novembre!$B$12:$B$44,0)),INDEX(Dicembre!AK$12:AK$44,MATCH($B32,Dicembre!$B$12:$B$44,0)),INDEX(Gennaio!AK$12:AK$44,MATCH($B32,Gennaio!$B$12:$B$44,0)),INDEX(Febbraio!AK$12:AK$44,MATCH($B32,Febbraio!$B$12:$B$44,0)),INDEX(Marzo!AK$12:AK$44,MATCH($B32,Marzo!$B$12:$B$44,0)),INDEX(Aprile!AK$12:AK$44,MATCH($B32,Aprile!$B$12:$B$44,0)),INDEX(Maggio!AK$12:AK$44,MATCH($B32,Maggio!$B$12:$B$44,0)),INDEX(Giugno!AK$12:AK$44,MATCH($B32,Giugno!$B$12:$B$44,0)),INDEX(Luglio!AK$12:AK$44,MATCH($B32,Luglio!$B$12:$B$44,0))))} -> 0 | G32: {=IF(OR(ISBLANK($B32),ISBLANK($C32)),0,SUM(INDEX(Agosto!AL$12:AL$44,MATCH($B32,Agosto!$B$12:$B$44,0)),INDEX(Settembre!AL$12:AL$44,MATCH($B32,Settembre!$B$12:$B$44,0)),INDEX(Ottobre!AL$12:AL$44,MATCH($B32,Ottobre!$B$12:$B$44,0)),INDEX(Novembre!AL$12:AL$44,MATCH($B32,Novembre!$B$12:$B$44,0)),INDEX(Dicembre!AL$12:AL$44,MATCH($B32,Dicembre!$B$12:$B$44,0)),INDEX(Gennaio!AL$12:AL$44,MATCH($B32,Gennaio!$B$12:$B$44,0)),INDEX(Febbraio!AL$12:AL$44,MATCH($B32,Febbraio!$B$12:$B$44,0)),INDEX(Marzo!AL$12:AL$44,MATCH($B32,Marzo!$B$12:$B$44,0)),INDEX(Aprile!AL$12:AL$44,MATCH($B32,Aprile!$B$12:$B$44,0)),INDEX(Maggio!AL$12:AL$44,MATCH($B32,Maggio!$B$12:$B$44,0)),INDEX(Giugno!AL$12:AL$44,MATCH($B32,Giugno!$B$12:$B$44,0)),INDEX(Luglio!AL$12:AL$44,MATCH($B32,Luglio!$B$12:$B$44,0))))} -> 0 | H32: {=IF(OR(ISBLANK($B32),ISBLANK($C32)),0,SUM(INDEX(Agosto!AM$12:AM$44,MATCH($B32,Agosto!$B$12:$B$44,0)),INDEX(Settembre!AM$12:AM$44,MATCH($B32,Settembre!$B$12:$B$44,0)),INDEX(Ottobre!AM$12:AM$44,MATCH($B32,Ottobre!$B$12:$B$44,0)),INDEX(Novembre!AM$12:AM$44,MATCH($B32,Novembre!$B$12:$B$44,0)),INDEX(Dicembre!AM$12:AM$44,MATCH($B32,Dicembre!$B$12:$B$44,0)),INDEX(Gennaio!AM$12:AM$44,MATCH($B32,Gennaio!$B$12:$B$44,0)),INDEX(Febbraio!AM$12:AM$44,MATCH($B32,Febbraio!$B$12:$B$44,0)),INDEX(Marzo!AM$12:AM$44,MATCH($B32,Marzo!$B$12:$B$44,0)),INDEX(Aprile!AM$12:AM$44,MATCH($B32,Aprile!$B$12:$B$44,0)),INDEX(Maggio!AM$12:AM$44,MATCH($B32,Maggio!$B$12:$B$44,0)),INDEX(Giugno!AM$12:AM$44,MATCH($B32,Giugno!$B$12:$B$44,0)),INDEX(Luglio!AM$12:AM$44,MATCH($B32,Luglio!$B$12:$B$44,0))))} -> 0 | I32: =IF(Q10=0,0,D32/Q10) -> 0 | J32: =IF(Q10=0,0,E32/Q10) -> 0 | K32: =IF(Q10=0,0,F32/Q10) -> 0 | L32: =IF(Q10=0,0,G32/Q10) -> 0 | M32: =IF(Q10=0,0,H32/Q10) -> 0
B33: 22 | D33: {=IF(OR(ISBLANK($B33),ISBLANK($C33)),0,SUM(INDEX(Agosto!AI$12:AI$44,MATCH($B33,Agosto!$B$12:$B$44,0)),INDEX(Settembre!AI$12:AI$44,MATCH($B33,Settembre!$B$12:$B$44,0)),INDEX(Ottobre!AI$12:AI$44,MATCH($B33,Ottobre!$B$12:$B$44,0)),INDEX(Novembre!AI$12:AI$44,MATCH($B33,Novembre!$B$12:$B$44,0)),INDEX(Dicembre!AI$12:AI$44,MATCH($B33,Dicembre!$B$12:$B$44,0)),INDEX(Gennaio!AI$12:AI$44,MATCH($B33,Gennaio!$B$12:$B$44,0)),INDEX(Febbraio!AI$12:AI$44,MATCH($B33,Febbraio!$B$12:$B$44,0)),INDEX(Marzo!AI$12:AI$44,MATCH($B33,Marzo!$B$12:$B$44,0)),INDEX(Aprile!AI$12:AI$44,MATCH($B33,Aprile!$B$12:$B$44,0)),INDEX(Maggio!AI$12:AI$44,MATCH($B33,Maggio!$B$12:$B$44,0)),INDEX(Giugno!AI$12:AI$44,MATCH($B33,Giugno!$B$12:$B$44,0)),INDEX(Luglio!AI$12:AI$44,MATCH($B33,Luglio!$B$12:$B$44,0))))} -> 0 | E33: {=IF(OR(ISBLANK($B33),ISBLANK($C33)),0,SUM(INDEX(Agosto!AJ$12:AJ$44,MATCH($B33,Agosto!$B$12:$B$44,0)),INDEX(Settembre!AJ$12:AJ$44,MATCH($B33,Settembre!$B$12:$B$44,0)),INDEX(Ottobre!AJ$12:AJ$44,MATCH($B33,Ottobre!$B$12:$B$44,0)),INDEX(Novembre!AJ$12:AJ$44,MATCH($B33,Novembre!$B$12:$B$44,0)),INDEX(Dicembre!AJ$12:AJ$44,MATCH($B33,Dicembre!$B$12:$B$44,0)),INDEX(Gennaio!AJ$12:AJ$44,MATCH($B33,Gennaio!$B$12:$B$44,0)),INDEX(Febbraio!AJ$12:AJ$44,MATCH($B33,Febbraio!$B$12:$B$44,0)),INDEX(Marzo!AJ$12:AJ$44,MATCH($B33,Marzo!$B$12:$B$44,0)),INDEX(Aprile!AJ$12:AJ$44,MATCH($B33,Aprile!$B$12:$B$44,0)),INDEX(Maggio!AJ$12:AJ$44,MATCH($B33,Maggio!$B$12:$B$44,0)),INDEX(Giugno!AJ$12:AJ$44,MATCH($B33,Giugno!$B$12:$B$44,0)),INDEX(Luglio!AJ$12:AJ$44,MATCH($B33,Luglio!$B$12:$B$44,0))))} -> 0 | F33: {=IF(OR(ISBLANK($B33),ISBLANK($C33)),0,SUM(INDEX(Agosto!AK$12:AK$44,MATCH($B33,Agosto!$B$12:$B$44,0)),INDEX(Settembre!AK$12:AK$44,MATCH($B33,Settembre!$B$12:$B$44,0)),INDEX(Ottobre!AK$12:AK$44,MATCH($B33,Ottobre!$B$12:$B$44,0)),INDEX(Novembre!AK$12:AK$44,MATCH($B33,Novembre!$B$12:$B$44,0)),INDEX(Dicembre!AK$12:AK$44,MATCH($B33,Dicembre!$B$12:$B$44,0)),INDEX(Gennaio!AK$12:AK$44,MATCH($B33,Gennaio!$B$12:$B$44,0)),INDEX(Febbraio!AK$12:AK$44,MATCH($B33,Febbraio!$B$12:$B$44,0)),INDEX(Marzo!AK$12:AK$44,MATCH($B33,Marzo!$B$12:$B$44,0)),INDEX(Aprile!AK$12:AK$44,MATCH($B33,Aprile!$B$12:$B$44,0)),INDEX(Maggio!AK$12:AK$44,MATCH($B33,Maggio!$B$12:$B$44,0)),INDEX(Giugno!AK$12:AK$44,MATCH($B33,Giugno!$B$12:$B$44,0)),INDEX(Luglio!AK$12:AK$44,MATCH($B33,Luglio!$B$12:$B$44,0))))} -> 0 | G33: {=IF(OR(ISBLANK($B33),ISBLANK($C33)),0,SUM(INDEX(Agosto!AL$12:AL$44,MATCH($B33,Agosto!$B$12:$B$44,0)),INDEX(Settembre!AL$12:AL$44,MATCH($B33,Settembre!$B$12:$B$44,0)),INDEX(Ottobre!AL$12:AL$44,MATCH($B33,Ottobre!$B$12:$B$44,0)),INDEX(Novembre!AL$12:AL$44,MATCH($B33,Novembre!$B$12:$B$44,0)),INDEX(Dicembre!AL$12:AL$44,MATCH($B33,Dicembre!$B$12:$B$44,0)),INDEX(Gennaio!AL$12:AL$44,MATCH($B33,Gennaio!$B$12:$B$44,0)),INDEX(Febbraio!AL$12:AL$44,MATCH($B33,Febbraio!$B$12:$B$44,0)),INDEX(Marzo!AL$12:AL$44,MATCH($B33,Marzo!$B$12:$B$44,0)),INDEX(Aprile!AL$12:AL$44,MATCH($B33,Aprile!$B$12:$B$44,0)),INDEX(Maggio!AL$12:AL$44,MATCH($B33,Maggio!$B$12:$B$44,0)),INDEX(Giugno!AL$12:AL$44,MATCH($B33,Giugno!$B$12:$B$44,0)),INDEX(Luglio!AL$12:AL$44,MATCH($B33,Luglio!$B$12:$B$44,0))))} -> 0 | H33: {=IF(OR(ISBLANK($B33),ISBLANK($C33)),0,SUM(INDEX(Agosto!AM$12:AM$44,MATCH($B33,Agosto!$B$12:$B$44,0)),INDEX(Settembre!AM$12:AM$44,MATCH($B33,Settembre!$B$12:$B$44,0)),INDEX(Ottobre!AM$12:AM$44,MATCH($B33,Ottobre!$B$12:$B$44,0)),INDEX(Novembre!AM$12:AM$44,MATCH($B33,Novembre!$B$12:$B$44,0)),INDEX(Dicembre!AM$12:AM$44,MATCH($B33,Dicembre!$B$12:$B$44,0)),INDEX(Gennaio!AM$12:AM$44,MATCH($B33,Gennaio!$B$12:$B$44,0)),INDEX(Febbraio!AM$12:AM$44,MATCH($B33,Febbraio!$B$12:$B$44,0)),INDEX(Marzo!AM$12:AM$44,MATCH($B33,Marzo!$B$12:$B$44,0)),INDEX(Aprile!AM$12:AM$44,MATCH($B33,Aprile!$B$12:$B$44,0)),INDEX(Maggio!AM$12:AM$44,MATCH($B33,Maggio!$B$12:$B$44,0)),INDEX(Giugno!AM$12:AM$44,MATCH($B33,Giugno!$B$12:$B$44,0)),INDEX(Luglio!AM$12:AM$44,MATCH($B33,Luglio!$B$12:$B$44,0))))} -> 0 | I33: =IF(Q10=0,0,D33/Q10) -> 0 | J33: =IF(Q10=0,0,E33/Q10) -> 0 | K33: =IF(Q10=0,0,F33/Q10) -> 0 | L33: =IF(Q10=0,0,G33/Q10) -> 0 | M33: =IF(Q10=0,0,H33/Q10) -> 0
B34: 23 | D34: {=IF(OR(ISBLANK($B34),ISBLANK($C34)),0,SUM(INDEX(Agosto!AI$12:AI$44,MATCH($B34,Agosto!$B$12:$B$44,0)),INDEX(Settembre!AI$12:AI$44,MATCH($B34,Settembre!$B$12:$B$44,0)),INDEX(Ottobre!AI$12:AI$44,MATCH($B34,Ottobre!$B$12:$B$44,0)),INDEX(Novembre!AI$12:AI$44,MATCH($B34,Novembre!$B$12:$B$44,0)),INDEX(Dicembre!AI$12:AI$44,MATCH($B34,Dicembre!$B$12:$B$44,0)),INDEX(Gennaio!AI$12:AI$44,MATCH($B34,Gennaio!$B$12:$B$44,0)),INDEX(Febbraio!AI$12:AI$44,MATCH($B34,Febbraio!$B$12:$B$44,0)),INDEX(Marzo!AI$12:AI$44,MATCH($B34,Marzo!$B$12:$B$44,0)),INDEX(Aprile!AI$12:AI$44,MATCH($B34,Aprile!$B$12:$B$44,0)),INDEX(Maggio!AI$12:AI$44,MATCH($B34,Maggio!$B$12:$B$44,0)),INDEX(Giugno!AI$12:AI$44,MATCH($B34,Giugno!$B$12:$B$44,0)),INDEX(Luglio!AI$12:AI$44,MATCH($B34,Luglio!$B$12:$B$44,0))))} -> 0 | E34: {=IF(OR(ISBLANK($B34),ISBLANK($C34)),0,SUM(INDEX(Agosto!AJ$12:AJ$44,MATCH($B34,Agosto!$B$12:$B$44,0)),INDEX(Settembre!AJ$12:AJ$44,MATCH($B34,Settembre!$B$12:$B$44,0)),INDEX(Ottobre!AJ$12:AJ$44,MATCH($B34,Ottobre!$B$12:$B$44,0)),INDEX(Novembre!AJ$12:AJ$44,MATCH($B34,Novembre!$B$12:$B$44,0)),INDEX(Dicembre!AJ$12:AJ$44,MATCH($B34,Dicembre!$B$12:$B$44,0)),INDEX(Gennaio!AJ$12:AJ$44,MATCH($B34,Gennaio!$B$12:$B$44,0)),INDEX(Febbraio!AJ$12:AJ$44,MATCH($B34,Febbraio!$B$12:$B$44,0)),INDEX(Marzo!AJ$12:AJ$44,MATCH($B34,Marzo!$B$12:$B$44,0)),INDEX(Aprile!AJ$12:AJ$44,MATCH($B34,Aprile!$B$12:$B$44,0)),INDEX(Maggio!AJ$12:AJ$44,MATCH($B34,Maggio!$B$12:$B$44,0)),INDEX(Giugno!AJ$12:AJ$44,MATCH($B34,Giugno!$B$12:$B$44,0)),INDEX(Luglio!AJ$12:AJ$44,MATCH($B34,Luglio!$B$12:$B$44,0))))} -> 0 | F34: {=IF(OR(ISBLANK($B34),ISBLANK($C34)),0,SUM(INDEX(Agosto!AK$12:AK$44,MATCH($B34,Agosto!$B$12:$B$44,0)),INDEX(Settembre!AK$12:AK$44,MATCH($B34,Settembre!$B$12:$B$44,0)),INDEX(Ottobre!AK$12:AK$44,MATCH($B34,Ottobre!$B$12:$B$44,0)),INDEX(Novembre!AK$12:AK$44,MATCH($B34,Novembre!$B$12:$B$44,0)),INDEX(Dicembre!AK$12:AK$44,MATCH($B34,Dicembre!$B$12:$B$44,0)),INDEX(Gennaio!AK$12:AK$44,MATCH($B34,Gennaio!$B$12:$B$44,0)),INDEX(Febbraio!AK$12:AK$44,MATCH($B34,Febbraio!$B$12:$B$44,0)),INDEX(Marzo!AK$12:AK$44,MATCH($B34,Marzo!$B$12:$B$44,0)),INDEX(Aprile!AK$12:AK$44,MATCH($B34,Aprile!$B$12:$B$44,0)),INDEX(Maggio!AK$12:AK$44,MATCH($B34,Maggio!$B$12:$B$44,0)),INDEX(Giugno!AK$12:AK$44,MATCH($B34,Giugno!$B$12:$B$44,0)),INDEX(Luglio!AK$12:AK$44,MATCH($B34,Luglio!$B$12:$B$44,0))))} -> 0 | G34: {=IF(OR(ISBLANK($B34),ISBLANK($C34)),0,SUM(INDEX(Agosto!AL$12:AL$44,MATCH($B34,Agosto!$B$12:$B$44,0)),INDEX(Settembre!AL$12:AL$44,MATCH($B34,Settembre!$B$12:$B$44,0)),INDEX(Ottobre!AL$12:AL$44,MATCH($B34,Ottobre!$B$12:$B$44,0)),INDEX(Novembre!AL$12:AL$44,MATCH($B34,Novembre!$B$12:$B$44,0)),INDEX(Dicembre!AL$12:AL$44,MATCH($B34,Dicembre!$B$12:$B$44,0)),INDEX(Gennaio!AL$12:AL$44,MATCH($B34,Gennaio!$B$12:$B$44,0)),INDEX(Febbraio!AL$12:AL$44,MATCH($B34,Febbraio!$B$12:$B$44,0)),INDEX(Marzo!AL$12:AL$44,MATCH($B34,Marzo!$B$12:$B$44,0)),INDEX(Aprile!AL$12:AL$44,MATCH($B34,Aprile!$B$12:$B$44,0)),INDEX(Maggio!AL$12:AL$44,MATCH($B34,Maggio!$B$12:$B$44,0)),INDEX(Giugno!AL$12:AL$44,MATCH($B34,Giugno!$B$12:$B$44,0)),INDEX(Luglio!AL$12:AL$44,MATCH($B34,Luglio!$B$12:$B$44,0))))} -> 0 | H34: {=IF(OR(ISBLANK($B34),ISBLANK($C34)),0,SUM(INDEX(Agosto!AM$12:AM$44,MATCH($B34,Agosto!$B$12:$B$44,0)),INDEX(Settembre!AM$12:AM$44,MATCH($B34,Settembre!$B$12:$B$44,0)),INDEX(Ottobre!AM$12:AM$44,MATCH($B34,Ottobre!$B$12:$B$44,0)),INDEX(Novembre!AM$12:AM$44,MATCH($B34,Novembre!$B$12:$B$44,0)),INDEX(Dicembre!AM$12:AM$44,MATCH($B34,Dicembre!$B$12:$B$44,0)),INDEX(Gennaio!AM$12:AM$44,MATCH($B34,Gennaio!$B$12:$B$44,0)),INDEX(Febbraio!AM$12:AM$44,MATCH($B34,Febbraio!$B$12:$B$44,0)),INDEX(Marzo!AM$12:AM$44,MATCH($B34,Marzo!$B$12:$B$44,0)),INDEX(Aprile!AM$12:AM$44,MATCH($B34,Aprile!$B$12:$B$44,0)),INDEX(Maggio!AM$12:AM$44,MATCH($B34,Maggio!$B$12:$B$44,0)),INDEX(Giugno!AM$12:AM$44,MATCH($B34,Giugno!$B$12:$B$44,0)),INDEX(Luglio!AM$12:AM$44,MATCH($B34,Luglio!$B$12:$B$44,0))))} -> 0 | I34: =IF(Q10=0,0,D34/Q10) -> 0 | J34: =IF(Q10=0,0,E34/Q10) -> 0 | K34: =IF(Q10=0,0,F34/Q10) -> 0 | L34: =IF(Q10=0,0,G34/Q10) -> 0 | M34: =IF(Q10=0,0,H34/Q10) -> 0
B35: 24 | D35: {=IF(OR(ISBLANK($B35),ISBLANK($C35)),0,SUM(INDEX(Agosto!AI$12:AI$44,MATCH($B35,Agosto!$B$12:$B$44,0)),INDEX(Settembre!AI$12:AI$44,MATCH($B35,Settembre!$B$12:$B$44,0)),INDEX(Ottobre!AI$12:AI$44,MATCH($B35,Ottobre!$B$12:$B$44,0)),INDEX(Novembre!AI$12:AI$44,MATCH($B35,Novembre!$B$12:$B$44,0)),INDEX(Dicembre!AI$12:AI$44,MATCH($B35,Dicembre!$B$12:$B$44,0)),INDEX(Gennaio!AI$12:AI$44,MATCH($B35,Gennaio!$B$12:$B$44,0)),INDEX(Febbraio!AI$12:AI$44,MATCH($B35,Febbraio!$B$12:$B$44,0)),INDEX(Marzo!AI$12:AI$44,MATCH($B35,Marzo!$B$12:$B$44,0)),INDEX(Aprile!AI$12:AI$44,MATCH($B35,Aprile!$B$12:$B$44,0)),INDEX(Maggio!AI$12:AI$44,MATCH($B35,Maggio!$B$12:$B$44,0)),INDEX(Giugno!AI$12:AI$44,MATCH($B35,Giugno!$B$12:$B$44,0)),INDEX(Luglio!AI$12:AI$44,MATCH($B35,Luglio!$B$12:$B$44,0))))} -> 0 | E35: {=IF(OR(ISBLANK($B35),ISBLANK($C35)),0,SUM(INDEX(Agosto!AJ$12:AJ$44,MATCH($B35,Agosto!$B$12:$B$44,0)),INDEX(Settembre!AJ$12:AJ$44,MATCH($B35,Settembre!$B$12:$B$44,0)),INDEX(Ottobre!AJ$12:AJ$44,MATCH($B35,Ottobre!$B$12:$B$44,0)),INDEX(Novembre!AJ$12:AJ$44,MATCH($B35,Novembre!$B$12:$B$44,0)),INDEX(Dicembre!AJ$12:AJ$44,MATCH($B35,Dicembre!$B$12:$B$44,0)),INDEX(Gennaio!AJ$12:AJ$44,MATCH($B35,Gennaio!$B$12:$B$44,0)),INDEX(Febbraio!AJ$12:AJ$44,MATCH($B35,Febbraio!$B$12:$B$44,0)),INDEX(Marzo!AJ$12:AJ$44,MATCH($B35,Marzo!$B$12:$B$44,0)),INDEX(Aprile!AJ$12:AJ$44,MATCH($B35,Aprile!$B$12:$B$44,0)),INDEX(Maggio!AJ$12:AJ$44,MATCH($B35,Maggio!$B$12:$B$44,0)),INDEX(Giugno!AJ$12:AJ$44,MATCH($B35,Giugno!$B$12:$B$44,0)),INDEX(Luglio!AJ$12:AJ$44,MATCH($B35,Luglio!$B$12:$B$44,0))))} -> 0 | F35: {=IF(OR(ISBLANK($B35),ISBLANK($C35)),0,SUM(INDEX(Agosto!AK$12:AK$44,MATCH($B35,Agosto!$B$12:$B$44,0)),INDEX(Settembre!AK$12:AK$44,MATCH($B35,Settembre!$B$12:$B$44,0)),INDEX(Ottobre!AK$12:AK$44,MATCH($B35,Ottobre!$B$12:$B$44,0)),INDEX(Novembre!AK$12:AK$44,MATCH($B35,Novembre!$B$12:$B$44,0)),INDEX(Dicembre!AK$12:AK$44,MATCH($B35,Dicembre!$B$12:$B$44,0)),INDEX(Gennaio!AK$12:AK$44,MATCH($B35,Gennaio!$B$12:$B$44,0)),INDEX(Febbraio!AK$12:AK$44,MATCH($B35,Febbraio!$B$12:$B$44,0)),INDEX(Marzo!AK$12:AK$44,MATCH($B35,Marzo!$B$12:$B$44,0)),INDEX(Aprile!AK$12:AK$44,MATCH($B35,Aprile!$B$12:$B$44,0)),INDEX(Maggio!AK$12:AK$44,MATCH($B35,Maggio!$B$12:$B$44,0)),INDEX(Giugno!AK$12:AK$44,MATCH($B35,Giugno!$B$12:$B$44,0)),INDEX(Luglio!AK$12:AK$44,MATCH($B35,Luglio!$B$12:$B$44,0))))} -> 0 | G35: {=IF(OR(ISBLANK($B35),ISBLANK($C35)),0,SUM(INDEX(Agosto!AL$12:AL$44,MATCH($B35,Agosto!$B$12:$B$44,0)),INDEX(Settembre!AL$12:AL$44,MATCH($B35,Settembre!$B$12:$B$44,0)),INDEX(Ottobre!AL$12:AL$44,MATCH($B35,Ottobre!$B$12:$B$44,0)),INDEX(Novembre!AL$12:AL$44,MATCH($B35,Novembre!$B$12:$B$44,0)),INDEX(Dicembre!AL$12:AL$44,MATCH($B35,Dicembre!$B$12:$B$44,0)),INDEX(Gennaio!AL$12:AL$44,MATCH($B35,Gennaio!$B$12:$B$44,0)),INDEX(Febbraio!AL$12:AL$44,MATCH($B35,Febbraio!$B$12:$B$44,0)),INDEX(Marzo!AL$12:AL$44,MATCH($B35,Marzo!$B$12:$B$44,0)),INDEX(Aprile!AL$12:AL$44,MATCH($B35,Aprile!$B$12:$B$44,0)),INDEX(Maggio!AL$12:AL$44,MATCH($B35,Maggio!$B$12:$B$44,0)),INDEX(Giugno!AL$12:AL$44,MATCH($B35,Giugno!$B$12:$B$44,0)),INDEX(Luglio!AL$12:AL$44,MATCH($B35,Luglio!$B$12:$B$44,0))))} -> 0 | H35: {=IF(OR(ISBLANK($B35),ISBLANK($C35)),0,SUM(INDEX(Agosto!AM$12:AM$44,MATCH($B35,Agosto!$B$12:$B$44,0)),INDEX(Settembre!AM$12:AM$44,MATCH($B35,Settembre!$B$12:$B$44,0)),INDEX(Ottobre!AM$12:AM$44,MATCH($B35,Ottobre!$B$12:$B$44,0)),INDEX(Novembre!AM$12:AM$44,MATCH($B35,Novembre!$B$12:$B$44,0)),INDEX(Dicembre!AM$12:AM$44,MATCH($B35,Dicembre!$B$12:$B$44,0)),INDEX(Gennaio!AM$12:AM$44,MATCH($B35,Gennaio!$B$12:$B$44,0)),INDEX(Febbraio!AM$12:AM$44,MATCH($B35,Febbraio!$B$12:$B$44,0)),INDEX(Marzo!AM$12:AM$44,MATCH($B35,Marzo!$B$12:$B$44,0)),INDEX(Aprile!AM$12:AM$44,MATCH($B35,Aprile!$B$12:$B$44,0)),INDEX(Maggio!AM$12:AM$44,MATCH($B35,Maggio!$B$12:$B$44,0)),INDEX(Giugno!AM$12:AM$44,MATCH($B35,Giugno!$B$12:$B$44,0)),INDEX(Luglio!AM$12:AM$44,MATCH($B35,Luglio!$B$12:$B$44,0))))} -> 0 | I35: =IF(Q10=0,0,D35/Q10) -> 0 | J35: =IF(Q10=0,0,E35/Q10) -> 0 | K35: =IF(Q10=0,0,F35/Q10) -> 0 | L35: =IF(Q10=0,0,G35/Q10) -> 0 | M35: =IF(Q10=0,0,H35/Q10) -> 0
B36: 25 | D36: {=IF(OR(ISBLANK($B36),ISBLANK($C36)),0,SUM(INDEX(Agosto!AI$12:AI$44,MATCH($B36,Agosto!$B$12:$B$44,0)),INDEX(Settembre!AI$12:AI$44,MATCH($B36,Settembre!$B$12:$B$44,0)),INDEX(Ottobre!AI$12:AI$44,MATCH($B36,Ottobre!$B$12:$B$44,0)),INDEX(Novembre!AI$12:AI$44,MATCH($B36,Novembre!$B$12:$B$44,0)),INDEX(Dicembre!AI$12:AI$44,MATCH($B36,Dicembre!$B$12:$B$44,0)),INDEX(Gennaio!AI$12:AI$44,MATCH($B36,Gennaio!$B$12:$B$44,0)),INDEX(Febbraio!AI$12:AI$44,MATCH($B36,Febbraio!$B$12:$B$44,0)),INDEX(Marzo!AI$12:AI$44,MATCH($B36,Marzo!$B$12:$B$44,0)),INDEX(Aprile!AI$12:AI$44,MATCH($B36,Aprile!$B$12:$B$44,0)),INDEX(Maggio!AI$12:AI$44,MATCH($B36,Maggio!$B$12:$B$44,0)),INDEX(Giugno!AI$12:AI$44,MATCH($B36,Giugno!$B$12:$B$44,0)),INDEX(Luglio!AI$12:AI$44,MATCH($B36,Luglio!$B$12:$B$44,0))))} -> 0 | E36: {=IF(OR(ISBLANK($B36),ISBLANK($C36)),0,SUM(INDEX(Agosto!AJ$12:AJ$44,MATCH($B36,Agosto!$B$12:$B$44,0)),INDEX(Settembre!AJ$12:AJ$44,MATCH($B36,Settembre!$B$12:$B$44,0)),INDEX(Ottobre!AJ$12:AJ$44,MATCH($B36,Ottobre!$B$12:$B$44,0)),INDEX(Novembre!AJ$12:AJ$44,MATCH($B36,Novembre!$B$12:$B$44,0)),INDEX(Dicembre!AJ$12:AJ$44,MATCH($B36,Dicembre!$B$12:$B$44,0)),INDEX(Gennaio!AJ$12:AJ$44,MATCH($B36,Gennaio!$B$12:$B$44,0)),INDEX(Febbraio!AJ$12:AJ$44,MATCH($B36,Febbraio!$B$12:$B$44,0)),INDEX(Marzo!AJ$12:AJ$44,MATCH($B36,Marzo!$B$12:$B$44,0)),INDEX(Aprile!AJ$12:AJ$44,MATCH($B36,Aprile!$B$12:$B$44,0)),INDEX(Maggio!AJ$12:AJ$44,MATCH($B36,Maggio!$B$12:$B$44,0)),INDEX(Giugno!AJ$12:AJ$44,MATCH($B36,Giugno!$B$12:$B$44,0)),INDEX(Luglio!AJ$12:AJ$44,MATCH($B36,Luglio!$B$12:$B$44,0))))} -> 0 | F36: {=IF(OR(ISBLANK($B36),ISBLANK($C36)),0,SUM(INDEX(Agosto!AK$12:AK$44,MATCH($B36,Agosto!$B$12:$B$44,0)),INDEX(Settembre!AK$12:AK$44,MATCH($B36,Settembre!$B$12:$B$44,0)),INDEX(Ottobre!AK$12:AK$44,MATCH($B36,Ottobre!$B$12:$B$44,0)),INDEX(Novembre!AK$12:AK$44,MATCH($B36,Novembre!$B$12:$B$44,0)),INDEX(Dicembre!AK$12:AK$44,MATCH($B36,Dicembre!$B$12:$B$44,0)),INDEX(Gennaio!AK$12:AK$44,MATCH($B36,Gennaio!$B$12:$B$44,0)),INDEX(Febbraio!AK$12:AK$44,MATCH($B36,Febbraio!$B$12:$B$44,0)),INDEX(Marzo!AK$12:AK$44,MATCH($B36,Marzo!$B$12:$B$44,0)),INDEX(Aprile!AK$12:AK$44,MATCH($B36,Aprile!$B$12:$B$44,0)),INDEX(Maggio!AK$12:AK$44,MATCH($B36,Maggio!$B$12:$B$44,0)),INDEX(Giugno!AK$12:AK$44,MATCH($B36,Giugno!$B$12:$B$44,0)),INDEX(Luglio!AK$12:AK$44,MATCH($B36,Luglio!$B$12:$B$44,0))))} -> 0 | G36: {=IF(OR(ISBLANK($B36),ISBLANK($C36)),0,SUM(INDEX(Agosto!AL$12:AL$44,MATCH($B36,Agosto!$B$12:$B$44,0)),INDEX(Settembre!AL$12:AL$44,MATCH($B36,Settembre!$B$12:$B$44,0)),INDEX(Ottobre!AL$12:AL$44,MATCH($B36,Ottobre!$B$12:$B$44,0)),INDEX(Novembre!AL$12:AL$44,MATCH($B36,Novembre!$B$12:$B$44,0)),INDEX(Dicembre!AL$12:AL$44,MATCH($B36,Dicembre!$B$12:$B$44,0)),INDEX(Gennaio!AL$12:AL$44,MATCH($B36,Gennaio!$B$12:$B$44,0)),INDEX(Febbraio!AL$12:AL$44,MATCH($B36,Febbraio!$B$12:$B$44,0)),INDEX(Marzo!AL$12:AL$44,MATCH($B36,Marzo!$B$12:$B$44,0)),INDEX(Aprile!AL$12:AL$44,MATCH($B36,Aprile!$B$12:$B$44,0)),INDEX(Maggio!AL$12:AL$44,MATCH($B36,Maggio!$B$12:$B$44,0)),INDEX(Giugno!AL$12:AL$44,MATCH($B36,Giugno!$B$12:$B$44,0)),INDEX(Luglio!AL$12:AL$44,MATCH($B36,Luglio!$B$12:$B$44,0))))} -> 0 | H36: {=IF(OR(ISBLANK($B36),ISBLANK($C36)),0,SUM(INDEX(Agosto!AM$12:AM$44,MATCH($B36,Agosto!$B$12:$B$44,0)),INDEX(Settembre!AM$12:AM$44,MATCH($B36,Settembre!$B$12:$B$44,0)),INDEX(Ottobre!AM$12:AM$44,MATCH($B36,Ottobre!$B$12:$B$44,0)),INDEX(Novembre!AM$12:AM$44,MATCH($B36,Novembre!$B$12:$B$44,0)),INDEX(Dicembre!AM$12:AM$44,MATCH($B36,Dicembre!$B$12:$B$44,0)),INDEX(Gennaio!AM$12:AM$44,MATCH($B36,Gennaio!$B$12:$B$44,0)),INDEX(Febbraio!AM$12:AM$44,MATCH($B36,Febbraio!$B$12:$B$44,0)),INDEX(Marzo!AM$12:AM$44,MATCH($B36,Marzo!$B$12:$B$44,0)),INDEX(Aprile!AM$12:AM$44,MATCH($B36,Aprile!$B$12:$B$44,0)),INDEX(Maggio!AM$12:AM$44,MATCH($B36,Maggio!$B$12:$B$44,0)),INDEX(Giugno!AM$12:AM$44,MATCH($B36,Giugno!$B$12:$B$44,0)),INDEX(Luglio!AM$12:AM$44,MATCH($B36,Luglio!$B$12:$B$44,0))))} -> 0 | I36: =IF(Q10=0,0,D36/Q10) -> 0 | J36: =IF(Q10=0,0,E36/Q10) -> 0 | K36: =IF(Q10=0,0,F36/Q10) -> 0 | L36: =IF(Q10=0,0,G36/Q10) -> 0 | M36: =IF(Q10=0,0,H36/Q10) -> 0
B37: 26 | D37: {=IF(OR(ISBLANK($B37),ISBLANK($C37)),0,SUM(INDEX(Agosto!AI$12:AI$44,MATCH($B37,Agosto!$B$12:$B$44,0)),INDEX(Settembre!AI$12:AI$44,MATCH($B37,Settembre!$B$12:$B$44,0)),INDEX(Ottobre!AI$12:AI$44,MATCH($B37,Ottobre!$B$12:$B$44,0)),INDEX(Novembre!AI$12:AI$44,MATCH($B37,Novembre!$B$12:$B$44,0)),INDEX(Dicembre!AI$12:AI$44,MATCH($B37,Dicembre!$B$12:$B$44,0)),INDEX(Gennaio!AI$12:AI$44,MATCH($B37,Gennaio!$B$12:$B$44,0)),INDEX(Febbraio!AI$12:AI$44,MATCH($B37,Febbraio!$B$12:$B$44,0)),INDEX(Marzo!AI$12:AI$44,MATCH($B37,Marzo!$B$12:$B$44,0)),INDEX(Aprile!AI$12:AI$44,MATCH($B37,Aprile!$B$12:$B$44,0)),INDEX(Maggio!AI$12:AI$44,MATCH($B37,Maggio!$B$12:$B$44,0)),INDEX(Giugno!AI$12:AI$44,MATCH($B37,Giugno!$B$12:$B$44,0)),INDEX(Luglio!AI$12:AI$44,MATCH($B37,Luglio!$B$12:$B$44,0))))} -> 0 | E37: {=IF(OR(ISBLANK($B37),ISBLANK($C37)),0,SUM(INDEX(Agosto!AJ$12:AJ$44,MATCH($B37,Agosto!$B$12:$B$44,0)),INDEX(Settembre!AJ$12:AJ$44,MATCH($B37,Settembre!$B$12:$B$44,0)),INDEX(Ottobre!AJ$12:AJ$44,MATCH($B37,Ottobre!$B$12:$B$44,0)),INDEX(Novembre!AJ$12:AJ$44,MATCH($B37,Novembre!$B$12:$B$44,0)),INDEX(Dicembre!AJ$12:AJ$44,MATCH($B37,Dicembre!$B$12:$B$44,0)),INDEX(Gennaio!AJ$12:AJ$44,MATCH($B37,Gennaio!$B$12:$B$44,0)),INDEX(Febbraio!AJ$12:AJ$44,MATCH($B37,Febbraio!$B$12:$B$44,0)),INDEX(Marzo!AJ$12:AJ$44,MATCH($B37,Marzo!$B$12:$B$44,0)),INDEX(Aprile!AJ$12:AJ$44,MATCH($B37,Aprile!$B$12:$B$44,0)),INDEX(Maggio!AJ$12:AJ$44,MATCH($B37,Maggio!$B$12:$B$44,0)),INDEX(Giugno!AJ$12:AJ$44,MATCH($B37,Giugno!$B$12:$B$44,0)),INDEX(Luglio!AJ$12:AJ$44,MATCH($B37,Luglio!$B$12:$B$44,0))))} -> 0 | F37: {=IF(OR(ISBLANK($B37),ISBLANK($C37)),0,SUM(INDEX(Agosto!AK$12:AK$44,MATCH($B37,Agosto!$B$12:$B$44,0)),INDEX(Settembre!AK$12:AK$44,MATCH($B37,Settembre!$B$12:$B$44,0)),INDEX(Ottobre!AK$12:AK$44,MATCH($B37,Ottobre!$B$12:$B$44,0)),INDEX(Novembre!AK$12:AK$44,MATCH($B37,Novembre!$B$12:$B$44,0)),INDEX(Dicembre!AK$12:AK$44,MATCH($B37,Dicembre!$B$12:$B$44,0)),INDEX(Gennaio!AK$12:AK$44,MATCH($B37,Gennaio!$B$12:$B$44,0)),INDEX(Febbraio!AK$12:AK$44,MATCH($B37,Febbraio!$B$12:$B$44,0)),INDEX(Marzo!AK$12:AK$44,MATCH($B37,Marzo!$B$12:$B$44,0)),INDEX(Aprile!AK$12:AK$44,MATCH($B37,Aprile!$B$12:$B$44,0)),INDEX(Maggio!AK$12:AK$44,MATCH($B37,Maggio!$B$12:$B$44,0)),INDEX(Giugno!AK$12:AK$44,MATCH($B37,Giugno!$B$12:$B$44,0)),INDEX(Luglio!AK$12:AK$44,MATCH($B37,Luglio!$B$12:$B$44,0))))} -> 0 | G37: {=IF(OR(ISBLANK($B37),ISBLANK($C37)),0,SUM(INDEX(Agosto!AL$12:AL$44,MATCH($B37,Agosto!$B$12:$B$44,0)),INDEX(Settembre!AL$12:AL$44,MATCH($B37,Settembre!$B$12:$B$44,0)),INDEX(Ottobre!AL$12:AL$44,MATCH($B37,Ottobre!$B$12:$B$44,0)),INDEX(Novembre!AL$12:AL$44,MATCH($B37,Novembre!$B$12:$B$44,0)),INDEX(Dicembre!AL$12:AL$44,MATCH($B37,Dicembre!$B$12:$B$44,0)),INDEX(Gennaio!AL$12:AL$44,MATCH($B37,Gennaio!$B$12:$B$44,0)),INDEX(Febbraio!AL$12:AL$44,MATCH($B37,Febbraio!$B$12:$B$44,0)),INDEX(Marzo!AL$12:AL$44,MATCH($B37,Marzo!$B$12:$B$44,0)),INDEX(Aprile!AL$12:AL$44,MATCH($B37,Aprile!$B$12:$B$44,0)),INDEX(Maggio!AL$12:AL$44,MATCH($B37,Maggio!$B$12:$B$44,0)),INDEX(Giugno!AL$12:AL$44,MATCH($B37,Giugno!$B$12:$B$44,0)),INDEX(Luglio!AL$12:AL$44,MATCH($B37,Luglio!$B$12:$B$44,0))))} -> 0 | H37: {=IF(OR(ISBLANK($B37),ISBLANK($C37)),0,SUM(INDEX(Agosto!AM$12:AM$44,MATCH($B37,Agosto!$B$12:$B$44,0)),INDEX(Settembre!AM$12:AM$44,MATCH($B37,Settembre!$B$12:$B$44,0)),INDEX(Ottobre!AM$12:AM$44,MATCH($B37,Ottobre!$B$12:$B$44,0)),INDEX(Novembre!AM$12:AM$44,MATCH($B37,Novembre!$B$12:$B$44,0)),INDEX(Dicembre!AM$12:AM$44,MATCH($B37,Dicembre!$B$12:$B$44,0)),INDEX(Gennaio!AM$12:AM$44,MATCH($B37,Gennaio!$B$12:$B$44,0)),INDEX(Febbraio!AM$12:AM$44,MATCH($B37,Febbraio!$B$12:$B$44,0)),INDEX(Marzo!AM$12:AM$44,MATCH($B37,Marzo!$B$12:$B$44,0)),INDEX(Aprile!AM$12:AM$44,MATCH($B37,Aprile!$B$12:$B$44,0)),INDEX(Maggio!AM$12:AM$44,MATCH($B37,Maggio!$B$12:$B$44,0)),INDEX(Giugno!AM$12:AM$44,MATCH($B37,Giugno!$B$12:$B$44,0)),INDEX(Luglio!AM$12:AM$44,MATCH($B37,Luglio!$B$12:$B$44,0))))} -> 0 | I37: =IF(Q10=0,0,D37/Q10) -> 0 | J37: =IF(Q10=0,0,E37/Q10) -> 0 | K37: =IF(Q10=0,0,F37/Q10) -> 0 | L37: =IF(Q10=0,0,G37/Q10) -> 0 | M37: =IF(Q10=0,0,H37/Q10) -> 0
B38: 27 | D38: {=IF(OR(ISBLANK($B38),ISBLANK($C38)),0,SUM(INDEX(Agosto!AI$12:AI$44,MATCH($B38,Agosto!$B$12:$B$44,0)),INDEX(Settembre!AI$12:AI$44,MATCH($B38,Settembre!$B$12:$B$44,0)),INDEX(Ottobre!AI$12:AI$44,MATCH($B38,Ottobre!$B$12:$B$44,0)),INDEX(Novembre!AI$12:AI$44,MATCH($B38,Novembre!$B$12:$B$44,0)),INDEX(Dicembre!AI$12:AI$44,MATCH($B38,Dicembre!$B$12:$B$44,0)),INDEX(Gennaio!AI$12:AI$44,MATCH($B38,Gennaio!$B$12:$B$44,0)),INDEX(Febbraio!AI$12:AI$44,MATCH($B38,Febbraio!$B$12:$B$44,0)),INDEX(Marzo!AI$12:AI$44,MATCH($B38,Marzo!$B$12:$B$44,0)),INDEX(Aprile!AI$12:AI$44,MATCH($B38,Aprile!$B$12:$B$44,0)),INDEX(Maggio!AI$12:AI$44,MATCH($B38,Maggio!$B$12:$B$44,0)),INDEX(Giugno!AI$12:AI$44,MATCH($B38,Giugno!$B$12:$B$44,0)),INDEX(Luglio!AI$12:AI$44,MATCH($B38,Luglio!$B$12:$B$44,0))))} -> 0 | E38: {=IF(OR(ISBLANK($B38),ISBLANK($C38)),0,SUM(INDEX(Agosto!AJ$12:AJ$44,MATCH($B38,Agosto!$B$12:$B$44,0)),INDEX(Settembre!AJ$12:AJ$44,MATCH($B38,Settembre!$B$12:$B$44,0)),INDEX(Ottobre!AJ$12:AJ$44,MATCH($B38,Ottobre!$B$12:$B$44,0)),INDEX(Novembre!AJ$12:AJ$44,MATCH($B38,Novembre!$B$12:$B$44,0)),INDEX(Dicembre!AJ$12:AJ$44,MATCH($B38,Dicembre!$B$12:$B$44,0)),INDEX(Gennaio!AJ$12:AJ$44,MATCH($B38,Gennaio!$B$12:$B$44,0)),INDEX(Febbraio!AJ$12:AJ$44,MATCH($B38,Febbraio!$B$12:$B$44,0)),INDEX(Marzo!AJ$12:AJ$44,MATCH($B38,Marzo!$B$12:$B$44,0)),INDEX(Aprile!AJ$12:AJ$44,MATCH($B38,Aprile!$B$12:$B$44,0)),INDEX(Maggio!AJ$12:AJ$44,MATCH($B38,Maggio!$B$12:$B$44,0)),INDEX(Giugno!AJ$12:AJ$44,MATCH($B38,Giugno!$B$12:$B$44,0)),INDEX(Luglio!AJ$12:AJ$44,MATCH($B38,Luglio!$B$12:$B$44,0))))} -> 0 | F38: {=IF(OR(ISBLANK($B38),ISBLANK($C38)),0,SUM(INDEX(Agosto!AK$12:AK$44,MATCH($B38,Agosto!$B$12:$B$44,0)),INDEX(Settembre!AK$12:AK$44,MATCH($B38,Settembre!$B$12:$B$44,0)),INDEX(Ottobre!AK$12:AK$44,MATCH($B38,Ottobre!$B$12:$B$44,0)),INDEX(Novembre!AK$12:AK$44,MATCH($B38,Novembre!$B$12:$B$44,0)),INDEX(Dicembre!AK$12:AK$44,MATCH($B38,Dicembre!$B$12:$B$44,0)),INDEX(Gennaio!AK$12:AK$44,MATCH($B38,Gennaio!$B$12:$B$44,0)),INDEX(Febbraio!AK$12:AK$44,MATCH($B38,Febbraio!$B$12:$B$44,0)),INDEX(Marzo!AK$12:AK$44,MATCH($B38,Marzo!$B$12:$B$44,0)),INDEX(Aprile!AK$12:AK$44,MATCH($B38,Aprile!$B$12:$B$44,0)),INDEX(Maggio!AK$12:AK$44,MATCH($B38,Maggio!$B$12:$B$44,0)),INDEX(Giugno!AK$12:AK$44,MATCH($B38,Giugno!$B$12:$B$44,0)),INDEX(Luglio!AK$12:AK$44,MATCH($B38,Luglio!$B$12:$B$44,0))))} -> 0 | G38: {=IF(OR(ISBLANK($B38),ISBLANK($C38)),0,SUM(INDEX(Agosto!AL$12:AL$44,MATCH($B38,Agosto!$B$12:$B$44,0)),INDEX(Settembre!AL$12:AL$44,MATCH($B38,Settembre!$B$12:$B$44,0)),INDEX(Ottobre!AL$12:AL$44,MATCH($B38,Ottobre!$B$12:$B$44,0)),INDEX(Novembre!AL$12:AL$44,MATCH($B38,Novembre!$B$12:$B$44,0)),INDEX(Dicembre!AL$12:AL$44,MATCH($B38,Dicembre!$B$12:$B$44,0)),INDEX(Gennaio!AL$12:AL$44,MATCH($B38,Gennaio!$B$12:$B$44,0)),INDEX(Febbraio!AL$12:AL$44,MATCH($B38,Febbraio!$B$12:$B$44,0)),INDEX(Marzo!AL$12:AL$44,MATCH($B38,Marzo!$B$12:$B$44,0)),INDEX(Aprile!AL$12:AL$44,MATCH($B38,Aprile!$B$12:$B$44,0)),INDEX(Maggio!AL$12:AL$44,MATCH($B38,Maggio!$B$12:$B$44,0)),INDEX(Giugno!AL$12:AL$44,MATCH($B38,Giugno!$B$12:$B$44,0)),INDEX(Luglio!AL$12:AL$44,MATCH($B38,Luglio!$B$12:$B$44,0))))} -> 0 | H38: {=IF(OR(ISBLANK($B38),ISBLANK($C38)),0,SUM(INDEX(Agosto!AM$12:AM$44,MATCH($B38,Agosto!$B$12:$B$44,0)),INDEX(Settembre!AM$12:AM$44,MATCH($B38,Settembre!$B$12:$B$44,0)),INDEX(Ottobre!AM$12:AM$44,MATCH($B38,Ottobre!$B$12:$B$44,0)),INDEX(Novembre!AM$12:AM$44,MATCH($B38,Novembre!$B$12:$B$44,0)),INDEX(Dicembre!AM$12:AM$44,MATCH($B38,Dicembre!$B$12:$B$44,0)),INDEX(Gennaio!AM$12:AM$44,MATCH($B38,Gennaio!$B$12:$B$44,0)),INDEX(Febbraio!AM$12:AM$44,MATCH($B38,Febbraio!$B$12:$B$44,0)),INDEX(Marzo!AM$12:AM$44,MATCH($B38,Marzo!$B$12:$B$44,0)),INDEX(Aprile!AM$12:AM$44,MATCH($B38,Aprile!$B$12:$B$44,0)),INDEX(Maggio!AM$12:AM$44,MATCH($B38,Maggio!$B$12:$B$44,0)),INDEX(Giugno!AM$12:AM$44,MATCH($B38,Giugno!$B$12:$B$44,0)),INDEX(Luglio!AM$12:AM$44,MATCH($B38,Luglio!$B$12:$B$44,0))))} -> 0 | I38: =IF(Q10=0,0,D38/Q10) -> 0 | J38: =IF(Q10=0,0,E38/Q10) -> 0 | K38: =IF(Q10=0,0,F38/Q10) -> 0 | L38: =IF(Q10=0,0,G38/Q10) -> 0 | M38: =IF(Q10=0,0,H38/Q10) -> 0
B39: 28 | D39: {=IF(OR(ISBLANK($B39),ISBLANK($C39)),0,SUM(INDEX(Agosto!AI$12:AI$44,MATCH($B39,Agosto!$B$12:$B$44,0)),INDEX(Settembre!AI$12:AI$44,MATCH($B39,Settembre!$B$12:$B$44,0)),INDEX(Ottobre!AI$12:AI$44,MATCH($B39,Ottobre!$B$12:$B$44,0)),INDEX(Novembre!AI$12:AI$44,MATCH($B39,Novembre!$B$12:$B$44,0)),INDEX(Dicembre!AI$12:AI$44,MATCH($B39,Dicembre!$B$12:$B$44,0)),INDEX(Gennaio!AI$12:AI$44,MATCH($B39,Gennaio!$B$12:$B$44,0)),INDEX(Febbraio!AI$12:AI$44,MATCH($B39,Febbraio!$B$12:$B$44,0)),INDEX(Marzo!AI$12:AI$44,MATCH($B39,Marzo!$B$12:$B$44,0)),INDEX(Aprile!AI$12:AI$44,MATCH($B39,Aprile!$B$12:$B$44,0)),INDEX(Maggio!AI$12:AI$44,MATCH($B39,Maggio!$B$12:$B$44,0)),INDEX(Giugno!AI$12:AI$44,MATCH($B39,Giugno!$B$12:$B$44,0)),INDEX(Luglio!AI$12:AI$44,MATCH($B39,Luglio!$B$12:$B$44,0))))} -> 0 | E39: {=IF(OR(ISBLANK($B39),ISBLANK($C39)),0,SUM(INDEX(Agosto!AJ$12:AJ$44,MATCH($B39,Agosto!$B$12:$B$44,0)),INDEX(Settembre!AJ$12:AJ$44,MATCH($B39,Settembre!$B$12:$B$44,0)),INDEX(Ottobre!AJ$12:AJ$44,MATCH($B39,Ottobre!$B$12:$B$44,0)),INDEX(Novembre!AJ$12:AJ$44,MATCH($B39,Novembre!$B$12:$B$44,0)),INDEX(Dicembre!AJ$12:AJ$44,MATCH($B39,Dicembre!$B$12:$B$44,0)),INDEX(Gennaio!AJ$12:AJ$44,MATCH($B39,Gennaio!$B$12:$B$44,0)),INDEX(Febbraio!AJ$12:AJ$44,MATCH($B39,Febbraio!$B$12:$B$44,0)),INDEX(Marzo!AJ$12:AJ$44,MATCH($B39,Marzo!$B$12:$B$44,0)),INDEX(Aprile!AJ$12:AJ$44,MATCH($B39,Aprile!$B$12:$B$44,0)),INDEX(Maggio!AJ$12:AJ$44,MATCH($B39,Maggio!$B$12:$B$44,0)),INDEX(Giugno!AJ$12:AJ$44,MATCH($B39,Giugno!$B$12:$B$44,0)),INDEX(Luglio!AJ$12:AJ$44,MATCH($B39,Luglio!$B$12:$B$44,0))))} -> 0 | F39: {=IF(OR(ISBLANK($B39),ISBLANK($C39)),0,SUM(INDEX(Agosto!AK$12:AK$44,MATCH($B39,Agosto!$B$12:$B$44,0)),INDEX(Settembre!AK$12:AK$44,MATCH($B39,Settembre!$B$12:$B$44,0)),INDEX(Ottobre!AK$12:AK$44,MATCH($B39,Ottobre!$B$12:$B$44,0)),INDEX(Novembre!AK$12:AK$44,MATCH($B39,Novembre!$B$12:$B$44,0)),INDEX(Dicembre!AK$12:AK$44,MATCH($B39,Dicembre!$B$12:$B$44,0)),INDEX(Gennaio!AK$12:AK$44,MATCH($B39,Gennaio!$B$12:$B$44,0)),INDEX(Febbraio!AK$12:AK$44,MATCH($B39,Febbraio!$B$12:$B$44,0)),INDEX(Marzo!AK$12:AK$44,MATCH($B39,Marzo!$B$12:$B$44,0)),INDEX(Aprile!AK$12:AK$44,MATCH($B39,Aprile!$B$12:$B$44,0)),INDEX(Maggio!AK$12:AK$44,MATCH($B39,Maggio!$B$12:$B$44,0)),INDEX(Giugno!AK$12:AK$44,MATCH($B39,Giugno!$B$12:$B$44,0)),INDEX(Luglio!AK$12:AK$44,MATCH($B39,Luglio!$B$12:$B$44,0))))} -> 0 | G39: {=IF(OR(ISBLANK($B39),ISBLANK($C39)),0,SUM(INDEX(Agosto!AL$12:AL$44,MATCH($B39,Agosto!$B$12:$B$44,0)),INDEX(Settembre!AL$12:AL$44,MATCH($B39,Settembre!$B$12:$B$44,0)),INDEX(Ottobre!AL$12:AL$44,MATCH($B39,Ottobre!$B$12:$B$44,0)),INDEX(Novembre!AL$12:AL$44,MATCH($B39,Novembre!$B$12:$B$44,0)),INDEX(Dicembre!AL$12:AL$44,MATCH($B39,Dicembre!$B$12:$B$44,0)),INDEX(Gennaio!AL$12:AL$44,MATCH($B39,Gennaio!$B$12:$B$44,0)),INDEX(Febbraio!AL$12:AL$44,MATCH($B39,Febbraio!$B$12:$B$44,0)),INDEX(Marzo!AL$12:AL$44,MATCH($B39,Marzo!$B$12:$B$44,0)),INDEX(Aprile!AL$12:AL$44,MATCH($B39,Aprile!$B$12:$B$44,0)),INDEX(Maggio!AL$12:AL$44,MATCH($B39,Maggio!$B$12:$B$44,0)),INDEX(Giugno!AL$12:AL$44,MATCH($B39,Giugno!$B$12:$B$44,0)),INDEX(Luglio!AL$12:AL$44,MATCH($B39,Luglio!$B$12:$B$44,0))))} -> 0 | H39: {=IF(OR(ISBLANK($B39),ISBLANK($C39)),0,SUM(INDEX(Agosto!AM$12:AM$44,MATCH($B39,Agosto!$B$12:$B$44,0)),INDEX(Settembre!AM$12:AM$44,MATCH($B39,Settembre!$B$12:$B$44,0)),INDEX(Ottobre!AM$12:AM$44,MATCH($B39,Ottobre!$B$12:$B$44,0)),INDEX(Novembre!AM$12:AM$44,MATCH($B39,Novembre!$B$12:$B$44,0)),INDEX(Dicembre!AM$12:AM$44,MATCH($B39,Dicembre!$B$12:$B$44,0)),INDEX(Gennaio!AM$12:AM$44,MATCH($B39,Gennaio!$B$12:$B$44,0)),INDEX(Febbraio!AM$12:AM$44,MATCH($B39,Febbraio!$B$12:$B$44,0)),INDEX(Marzo!AM$12:AM$44,MATCH($B39,Marzo!$B$12:$B$44,0)),INDEX(Aprile!AM$12:AM$44,MATCH($B39,Aprile!$B$12:$B$44,0)),INDEX(Maggio!AM$12:AM$44,MATCH($B39,Maggio!$B$12:$B$44,0)),INDEX(Giugno!AM$12:AM$44,MATCH($B39,Giugno!$B$12:$B$44,0)),INDEX(Luglio!AM$12:AM$44,MATCH($B39,Luglio!$B$12:$B$44,0))))} -> 0 | I39: =IF(Q10=0,0,D39/Q10) -> 0 | J39: =IF(Q10=0,0,E39/Q10) -> 0 | K39: =IF(Q10=0,0,F39/Q10) -> 0 | L39: =IF(Q10=0,0,G39/Q10) -> 0 | M39: =IF(Q10=0,0,H39/Q10) -> 0
B40: 29 | D40: {=IF(OR(ISBLANK($B40),ISBLANK($C40)),0,SUM(INDEX(Agosto!AI$12:AI$44,MATCH($B40,Agosto!$B$12:$B$44,0)),INDEX(Settembre!AI$12:AI$44,MATCH($B40,Settembre!$B$12:$B$44,0)),INDEX(Ottobre!AI$12:AI$44,MATCH($B40,Ottobre!$B$12:$B$44,0)),INDEX(Novembre!AI$12:AI$44,MATCH($B40,Novembre!$B$12:$B$44,0)),INDEX(Dicembre!AI$12:AI$44,MATCH($B40,Dicembre!$B$12:$B$44,0)),INDEX(Gennaio!AI$12:AI$44,MATCH($B40,Gennaio!$B$12:$B$44,0)),INDEX(Febbraio!AI$12:AI$44,MATCH($B40,Febbraio!$B$12:$B$44,0)),INDEX(Marzo!AI$12:AI$44,MATCH($B40,Marzo!$B$12:$B$44,0)),INDEX(Aprile!AI$12:AI$44,MATCH($B40,Aprile!$B$12:$B$44,0)),INDEX(Maggio!AI$12:AI$44,MATCH($B40,Maggio!$B$12:$B$44,0)),INDEX(Giugno!AI$12:AI$44,MATCH($B40,Giugno!$B$12:$B$44,0)),INDEX(Luglio!AI$12:AI$44,MATCH($B40,Luglio!$B$12:$B$44,0))))} -> 0 | E40: {=IF(OR(ISBLANK($B40),ISBLANK($C40)),0,SUM(INDEX(Agosto!AJ$12:AJ$44,MATCH($B40,Agosto!$B$12:$B$44,0)),INDEX(Settembre!AJ$12:AJ$44,MATCH($B40,Settembre!$B$12:$B$44,0)),INDEX(Ottobre!AJ$12:AJ$44,MATCH($B40,Ottobre!$B$12:$B$44,0)),INDEX(Novembre!AJ$12:AJ$44,MATCH($B40,Novembre!$B$12:$B$44,0)),INDEX(Dicembre!AJ$12:AJ$44,MATCH($B40,Dicembre!$B$12:$B$44,0)),INDEX(Gennaio!AJ$12:AJ$44,MATCH($B40,Gennaio!$B$12:$B$44,0)),INDEX(Febbraio!AJ$12:AJ$44,MATCH($B40,Febbraio!$B$12:$B$44,0)),INDEX(Marzo!AJ$12:AJ$44,MATCH($B40,Marzo!$B$12:$B$44,0)),INDEX(Aprile!AJ$12:AJ$44,MATCH($B40,Aprile!$B$12:$B$44,0)),INDEX(Maggio!AJ$12:AJ$44,MATCH($B40,Maggio!$B$12:$B$44,0)),INDEX(Giugno!AJ$12:AJ$44,MATCH($B40,Giugno!$B$12:$B$44,0)),INDEX(Luglio!AJ$12:AJ$44,MATCH($B40,Luglio!$B$12:$B$44,0))))} -> 0 | F40: {=IF(OR(ISBLANK($B40),ISBLANK($C40)),0,SUM(INDEX(Agosto!AK$12:AK$44,MATCH($B40,Agosto!$B$12:$B$44,0)),INDEX(Settembre!AK$12:AK$44,MATCH($B40,Settembre!$B$12:$B$44,0)),INDEX(Ottobre!AK$12:AK$44,MATCH($B40,Ottobre!$B$12:$B$44,0)),INDEX(Novembre!AK$12:AK$44,MATCH($B40,Novembre!$B$12:$B$44,0)),INDEX(Dicembre!AK$12:AK$44,MATCH($B40,Dicembre!$B$12:$B$44,0)),INDEX(Gennaio!AK$12:AK$44,MATCH($B40,Gennaio!$B$12:$B$44,0)),INDEX(Febbraio!AK$12:AK$44,MATCH($B40,Febbraio!$B$12:$B$44,0)),INDEX(Marzo!AK$12:AK$44,MATCH($B40,Marzo!$B$12:$B$44,0)),INDEX(Aprile!AK$12:AK$44,MATCH($B40,Aprile!$B$12:$B$44,0)),INDEX(Maggio!AK$12:AK$44,MATCH($B40,Maggio!$B$12:$B$44,0)),INDEX(Giugno!AK$12:AK$44,MATCH($B40,Giugno!$B$12:$B$44,0)),INDEX(Luglio!AK$12:AK$44,MATCH($B40,Luglio!$B$12:$B$44,0))))} -> 0 | G40: {=IF(OR(ISBLANK($B40),ISBLANK($C40)),0,SUM(INDEX(Agosto!AL$12:AL$44,MATCH($B40,Agosto!$B$12:$B$44,0)),INDEX(Settembre!AL$12:AL$44,MATCH($B40,Settembre!$B$12:$B$44,0)),INDEX(Ottobre!AL$12:AL$44,MATCH($B40,Ottobre!$B$12:$B$44,0)),INDEX(Novembre!AL$12:AL$44,MATCH($B40,Novembre!$B$12:$B$44,0)),INDEX(Dicembre!AL$12:AL$44,MATCH($B40,Dicembre!$B$12:$B$44,0)),INDEX(Gennaio!AL$12:AL$44,MATCH($B40,Gennaio!$B$12:$B$44,0)),INDEX(Febbraio!AL$12:AL$44,MATCH($B40,Febbraio!$B$12:$B$44,0)),INDEX(Marzo!AL$12:AL$44,MATCH($B40,Marzo!$B$12:$B$44,0)),INDEX(Aprile!AL$12:AL$44,MATCH($B40,Aprile!$B$12:$B$44,0)),INDEX(Maggio!AL$12:AL$44,MATCH($B40,Maggio!$B$12:$B$44,0)),INDEX(Giugno!AL$12:AL$44,MATCH($B40,Giugno!$B$12:$B$44,0)),INDEX(Luglio!AL$12:AL$44,MATCH($B40,Luglio!$B$12:$B$44,0))))} -> 0 | H40: {=IF(OR(ISBLANK($B40),ISBLANK($C40)),0,SUM(INDEX(Agosto!AM$12:AM$44,MATCH($B40,Agosto!$B$12:$B$44,0)),INDEX(Settembre!AM$12:AM$44,MATCH($B40,Settembre!$B$12:$B$44,0)),INDEX(Ottobre!AM$12:AM$44,MATCH($B40,Ottobre!$B$12:$B$44,0)),INDEX(Novembre!AM$12:AM$44,MATCH($B40,Novembre!$B$12:$B$44,0)),INDEX(Dicembre!AM$12:AM$44,MATCH($B40,Dicembre!$B$12:$B$44,0)),INDEX(Gennaio!AM$12:AM$44,MATCH($B40,Gennaio!$B$12:$B$44,0)),INDEX(Febbraio!AM$12:AM$44,MATCH($B40,Febbraio!$B$12:$B$44,0)),INDEX(Marzo!AM$12:AM$44,MATCH($B40,Marzo!$B$12:$B$44,0)),INDEX(Aprile!AM$12:AM$44,MATCH($B40,Aprile!$B$12:$B$44,0)),INDEX(Maggio!AM$12:AM$44,MATCH($B40,Maggio!$B$12:$B$44,0)),INDEX(Giugno!AM$12:AM$44,MATCH($B40,Giugno!$B$12:$B$44,0)),INDEX(Luglio!AM$12:AM$44,MATCH($B40,Luglio!$B$12:$B$44,0))))} -> 0 | I40: =IF(Q10=0,0,D40/Q10) -> 0 | J40: =IF(Q10=0,0,E40/Q10) -> 0 | K40: =IF(Q10=0,0,F40/Q10) -> 0 | L40: =IF(Q10=0,0,G40/Q10) -> 0 | M40: =IF(Q10=0,0,H40/Q10) -> 0
B41: 30 | D41: {=IF(OR(ISBLANK($B41),ISBLANK($C41)),0,SUM(INDEX(Agosto!AI$12:AI$44,MATCH($B41,Agosto!$B$12:$B$44,0)),INDEX(Settembre!AI$12:AI$44,MATCH($B41,Settembre!$B$12:$B$44,0)),INDEX(Ottobre!AI$12:AI$44,MATCH($B41,Ottobre!$B$12:$B$44,0)),INDEX(Novembre!AI$12:AI$44,MATCH($B41,Novembre!$B$12:$B$44,0)),INDEX(Dicembre!AI$12:AI$44,MATCH($B41,Dicembre!$B$12:$B$44,0)),INDEX(Gennaio!AI$12:AI$44,MATCH($B41,Gennaio!$B$12:$B$44,0)),INDEX(Febbraio!AI$12:AI$44,MATCH($B41,Febbraio!$B$12:$B$44,0)),INDEX(Marzo!AI$12:AI$44,MATCH($B41,Marzo!$B$12:$B$44,0)),INDEX(Aprile!AI$12:AI$44,MATCH($B41,Aprile!$B$12:$B$44,0)),INDEX(Maggio!AI$12:AI$44,MATCH($B41,Maggio!$B$12:$B$44,0)),INDEX(Giugno!AI$12:AI$44,MATCH($B41,Giugno!$B$12:$B$44,0)),INDEX(Luglio!AI$12:AI$44,MATCH($B41,Luglio!$B$12:$B$44,0))))} -> 0 | E41: {=IF(OR(ISBLANK($B41),ISBLANK($C41)),0,SUM(INDEX(Agosto!AJ$12:AJ$44,MATCH($B41,Agosto!$B$12:$B$44,0)),INDEX(Settembre!AJ$12:AJ$44,MATCH($B41,Settembre!$B$12:$B$44,0)),INDEX(Ottobre!AJ$12:AJ$44,MATCH($B41,Ottobre!$B$12:$B$44,0)),INDEX(Novembre!AJ$12:AJ$44,MATCH($B41,Novembre!$B$12:$B$44,0)),INDEX(Dicembre!AJ$12:AJ$44,MATCH($B41,Dicembre!$B$12:$B$44,0)),INDEX(Gennaio!AJ$12:AJ$44,MATCH($B41,Gennaio!$B$12:$B$44,0)),INDEX(Febbraio!AJ$12:AJ$44,MATCH($B41,Febbraio!$B$12:$B$44,0)),INDEX(Marzo!AJ$12:AJ$44,MATCH($B41,Marzo!$B$12:$B$44,0)),INDEX(Aprile!AJ$12:AJ$44,MATCH($B41,Aprile!$B$12:$B$44,0)),INDEX(Maggio!AJ$12:AJ$44,MATCH($B41,Maggio!$B$12:$B$44,0)),INDEX(Giugno!AJ$12:AJ$44,MATCH($B41,Giugno!$B$12:$B$44,0)),INDEX(Luglio!AJ$12:AJ$44,MATCH($B41,Luglio!$B$12:$B$44,0))))} -> 0 | F41: {=IF(OR(ISBLANK($B41),ISBLANK($C41)),0,SUM(INDEX(Agosto!AK$12:AK$44,MATCH($B41,Agosto!$B$12:$B$44,0)),INDEX(Settembre!AK$12:AK$44,MATCH($B41,Settembre!$B$12:$B$44,0)),INDEX(Ottobre!AK$12:AK$44,MATCH($B41,Ottobre!$B$12:$B$44,0)),INDEX(Novembre!AK$12:AK$44,MATCH($B41,Novembre!$B$12:$B$44,0)),INDEX(Dicembre!AK$12:AK$44,MATCH($B41,Dicembre!$B$12:$B$44,0)),INDEX(Gennaio!AK$12:AK$44,MATCH($B41,Gennaio!$B$12:$B$44,0)),INDEX(Febbraio!AK$12:AK$44,MATCH($B41,Febbraio!$B$12:$B$44,0)),INDEX(Marzo!AK$12:AK$44,MATCH($B41,Marzo!$B$12:$B$44,0)),INDEX(Aprile!AK$12:AK$44,MATCH($B41,Aprile!$B$12:$B$44,0)),INDEX(Maggio!AK$12:AK$44,MATCH($B41,Maggio!$B$12:$B$44,0)),INDEX(Giugno!AK$12:AK$44,MATCH($B41,Giugno!$B$12:$B$44,0)),INDEX(Luglio!AK$12:AK$44,MATCH($B41,Luglio!$B$12:$B$44,0))))} -> 0 | G41: {=IF(OR(ISBLANK($B41),ISBLANK($C41)),0,SUM(INDEX(Agosto!AL$12:AL$44,MATCH($B41,Agosto!$B$12:$B$44,0)),INDEX(Settembre!AL$12:AL$44,MATCH($B41,Settembre!$B$12:$B$44,0)),INDEX(Ottobre!AL$12:AL$44,MATCH($B41,Ottobre!$B$12:$B$44,0)),INDEX(Novembre!AL$12:AL$44,MATCH($B41,Novembre!$B$12:$B$44,0)),INDEX(Dicembre!AL$12:AL$44,MATCH($B41,Dicembre!$B$12:$B$44,0)),INDEX(Gennaio!AL$12:AL$44,MATCH($B41,Gennaio!$B$12:$B$44,0)),INDEX(Febbraio!AL$12:AL$44,MATCH($B41,Febbraio!$B$12:$B$44,0)),INDEX(Marzo!AL$12:AL$44,MATCH($B41,Marzo!$B$12:$B$44,0)),INDEX(Aprile!AL$12:AL$44,MATCH($B41,Aprile!$B$12:$B$44,0)),INDEX(Maggio!AL$12:AL$44,MATCH($B41,Maggio!$B$12:$B$44,0)),INDEX(Giugno!AL$12:AL$44,MATCH($B41,Giugno!$B$12:$B$44,0)),INDEX(Luglio!AL$12:AL$44,MATCH($B41,Luglio!$B$12:$B$44,0))))} -> 0 | H41: {=IF(OR(ISBLANK($B41),ISBLANK($C41)),0,SUM(INDEX(Agosto!AM$12:AM$44,MATCH($B41,Agosto!$B$12:$B$44,0)),INDEX(Settembre!AM$12:AM$44,MATCH($B41,Settembre!$B$12:$B$44,0)),INDEX(Ottobre!AM$12:AM$44,MATCH($B41,Ottobre!$B$12:$B$44,0)),INDEX(Novembre!AM$12:AM$44,MATCH($B41,Novembre!$B$12:$B$44,0)),INDEX(Dicembre!AM$12:AM$44,MATCH($B41,Dicembre!$B$12:$B$44,0)),INDEX(Gennaio!AM$12:AM$44,MATCH($B41,Gennaio!$B$12:$B$44,0)),INDEX(Febbraio!AM$12:AM$44,MATCH($B41,Febbraio!$B$12:$B$44,0)),INDEX(Marzo!AM$12:AM$44,MATCH($B41,Marzo!$B$12:$B$44,0)),INDEX(Aprile!AM$12:AM$44,MATCH($B41,Aprile!$B$12:$B$44,0)),INDEX(Maggio!AM$12:AM$44,MATCH($B41,Maggio!$B$12:$B$44,0)),INDEX(Giugno!AM$12:AM$44,MATCH($B41,Giugno!$B$12:$B$44,0)),INDEX(Luglio!AM$12:AM$44,MATCH($B41,Luglio!$B$12:$B$44,0))))} -> 0 | I41: =IF(Q10=0,0,D41/Q10) -> 0 | J41: =IF(Q10=0,0,E41/Q10) -> 0 | K41: =IF(Q10=0,0,F41/Q10) -> 0 | L41: =IF(Q10=0,0,G41/Q10) -> 0 | M41: =IF(Q10=0,0,H41/Q10) -> 0
B42: 31 | D42: {=IF(OR(ISBLANK($B42),ISBLANK($C42)),0,SUM(INDEX(Agosto!AI$12:AI$44,MATCH($B42,Agosto!$B$12:$B$44,0)),INDEX(Settembre!AI$12:AI$44,MATCH($B42,Settembre!$B$12:$B$44,0)),INDEX(Ottobre!AI$12:AI$44,MATCH($B42,Ottobre!$B$12:$B$44,0)),INDEX(Novembre!AI$12:AI$44,MATCH($B42,Novembre!$B$12:$B$44,0)),INDEX(Dicembre!AI$12:AI$44,MATCH($B42,Dicembre!$B$12:$B$44,0)),INDEX(Gennaio!AI$12:AI$44,MATCH($B42,Gennaio!$B$12:$B$44,0)),INDEX(Febbraio!AI$12:AI$44,MATCH($B42,Febbraio!$B$12:$B$44,0)),INDEX(Marzo!AI$12:AI$44,MATCH($B42,Marzo!$B$12:$B$44,0)),INDEX(Aprile!AI$12:AI$44,MATCH($B42,Aprile!$B$12:$B$44,0)),INDEX(Maggio!AI$12:AI$44,MATCH($B42,Maggio!$B$12:$B$44,0)),INDEX(Giugno!AI$12:AI$44,MATCH($B42,Giugno!$B$12:$B$44,0)),INDEX(Luglio!AI$12:AI$44,MATCH($B42,Luglio!$B$12:$B$44,0))))} -> 0 | E42: {=IF(OR(ISBLANK($B42),ISBLANK($C42)),0,SUM(INDEX(Agosto!AJ$12:AJ$44,MATCH($B42,Agosto!$B$12:$B$44,0)),INDEX(Settembre!AJ$12:AJ$44,MATCH($B42,Settembre!$B$12:$B$44,0)),INDEX(Ottobre!AJ$12:AJ$44,MATCH($B42,Ottobre!$B$12:$B$44,0)),INDEX(Novembre!AJ$12:AJ$44,MATCH($B42,Novembre!$B$12:$B$44,0)),INDEX(Dicembre!AJ$12:AJ$44,MATCH($B42,Dicembre!$B$12:$B$44,0)),INDEX(Gennaio!AJ$12:AJ$44,MATCH($B42,Gennaio!$B$12:$B$44,0)),INDEX(Febbraio!AJ$12:AJ$44,MATCH($B42,Febbraio!$B$12:$B$44,0)),INDEX(Marzo!AJ$12:AJ$44,MATCH($B42,Marzo!$B$12:$B$44,0)),INDEX(Aprile!AJ$12:AJ$44,MATCH($B42,Aprile!$B$12:$B$44,0)),INDEX(Maggio!AJ$12:AJ$44,MATCH($B42,Maggio!$B$12:$B$44,0)),INDEX(Giugno!AJ$12:AJ$44,MATCH($B42,Giugno!$B$12:$B$44,0)),INDEX(Luglio!AJ$12:AJ$44,MATCH($B42,Luglio!$B$12:$B$44,0))))} -> 0 | F42: {=IF(OR(ISBLANK($B42),ISBLANK($C42)),0,SUM(INDEX(Agosto!AK$12:AK$44,MATCH($B42,Agosto!$B$12:$B$44,0)),INDEX(Settembre!AK$12:AK$44,MATCH($B42,Settembre!$B$12:$B$44,0)),INDEX(Ottobre!AK$12:AK$44,MATCH($B42,Ottobre!$B$12:$B$44,0)),INDEX(Novembre!AK$12:AK$44,MATCH($B42,Novembre!$B$12:$B$44,0)),INDEX(Dicembre!AK$12:AK$44,MATCH($B42,Dicembre!$B$12:$B$44,0)),INDEX(Gennaio!AK$12:AK$44,MATCH($B42,Gennaio!$B$12:$B$44,0)),INDEX(Febbraio!AK$12:AK$44,MATCH($B42,Febbraio!$B$12:$B$44,0)),INDEX(Marzo!AK$12:AK$44,MATCH($B42,Marzo!$B$12:$B$44,0)),INDEX(Aprile!AK$12:AK$44,MATCH($B42,Aprile!$B$12:$B$44,0)),INDEX(Maggio!AK$12:AK$44,MATCH($B42,Maggio!$B$12:$B$44,0)),INDEX(Giugno!AK$12:AK$44,MATCH($B42,Giugno!$B$12:$B$44,0)),INDEX(Luglio!AK$12:AK$44,MATCH($B42,Luglio!$B$12:$B$44,0))))} -> 0 | G42: {=IF(OR(ISBLANK($B42),ISBLANK($C42)),0,SUM(INDEX(Agosto!AL$12:AL$44,MATCH($B42,Agosto!$B$12:$B$44,0)),INDEX(Settembre!AL$12:AL$44,MATCH($B42,Settembre!$B$12:$B$44,0)),INDEX(Ottobre!AL$12:AL$44,MATCH($B42,Ottobre!$B$12:$B$44,0)),INDEX(Novembre!AL$12:AL$44,MATCH($B42,Novembre!$B$12:$B$44,0)),INDEX(Dicembre!AL$12:AL$44,MATCH($B42,Dicembre!$B$12:$B$44,0)),INDEX(Gennaio!AL$12:AL$44,MATCH($B42,Gennaio!$B$12:$B$44,0)),INDEX(Febbraio!AL$12:AL$44,MATCH($B42,Febbraio!$B$12:$B$44,0)),INDEX(Marzo!AL$12:AL$44,MATCH($B42,Marzo!$B$12:$B$44,0)),INDEX(Aprile!AL$12:AL$44,MATCH($B42,Aprile!$B$12:$B$44,0)),INDEX(Maggio!AL$12:AL$44,MATCH($B42,Maggio!$B$12:$B$44,0)),INDEX(Giugno!AL$12:AL$44,MATCH($B42,Giugno!$B$12:$B$44,0)),INDEX(Luglio!AL$12:AL$44,MATCH($B42,Luglio!$B$12:$B$44,0))))} -> 0 | H42: {=IF(OR(ISBLANK($B42),ISBLANK($C42)),0,SUM(INDEX(Agosto!AM$12:AM$44,MATCH($B42,Agosto!$B$12:$B$44,0)),INDEX(Settembre!AM$12:AM$44,MATCH($B42,Settembre!$B$12:$B$44,0)),INDEX(Ottobre!AM$12:AM$44,MATCH($B42,Ottobre!$B$12:$B$44,0)),INDEX(Novembre!AM$12:AM$44,MATCH($B42,Novembre!$B$12:$B$44,0)),INDEX(Dicembre!AM$12:AM$44,MATCH($B42,Dicembre!$B$12:$B$44,0)),INDEX(Gennaio!AM$12:AM$44,MATCH($B42,Gennaio!$B$12:$B$44,0)),INDEX(Febbraio!AM$12:AM$44,MATCH($B42,Febbraio!$B$12:$B$44,0)),INDEX(Marzo!AM$12:AM$44,MATCH($B42,Marzo!$B$12:$B$44,0)),INDEX(Aprile!AM$12:AM$44,MATCH($B42,Aprile!$B$12:$B$44,0)),INDEX(Maggio!AM$12:AM$44,MATCH($B42,Maggio!$B$12:$B$44,0)),INDEX(Giugno!AM$12:AM$44,MATCH($B42,Giugno!$B$12:$B$44,0)),INDEX(Luglio!AM$12:AM$44,MATCH($B42,Luglio!$B$12:$B$44,0))))} -> 0 | I42: =IF(Q10=0,0,D42/Q10) -> 0 | J42: =IF(Q10=0,0,E42/Q10) -> 0 | K42: =IF(Q10=0,0,F42/Q10) -> 0 | L42: =IF(Q10=0,0,G42/Q10) -> 0 | M42: =IF(Q10=0,0,H42/Q10) -> 0
B43: 32 | D43: {=IF(OR(ISBLANK($B43),ISBLANK($C43)),0,SUM(INDEX(Agosto!AI$12:AI$44,MATCH($B43,Agosto!$B$12:$B$44,0)),INDEX(Settembre!AI$12:AI$44,MATCH($B43,Settembre!$B$12:$B$44,0)),INDEX(Ottobre!AI$12:AI$44,MATCH($B43,Ottobre!$B$12:$B$44,0)),INDEX(Novembre!AI$12:AI$44,MATCH($B43,Novembre!$B$12:$B$44,0)),INDEX(Dicembre!AI$12:AI$44,MATCH($B43,Dicembre!$B$12:$B$44,0)),INDEX(Gennaio!AI$12:AI$44,MATCH($B43,Gennaio!$B$12:$B$44,0)),INDEX(Febbraio!AI$12:AI$44,MATCH($B43,Febbraio!$B$12:$B$44,0)),INDEX(Marzo!AI$12:AI$44,MATCH($B43,Marzo!$B$12:$B$44,0)),INDEX(Aprile!AI$12:AI$44,MATCH($B43,Aprile!$B$12:$B$44,0)),INDEX(Maggio!AI$12:AI$44,MATCH($B43,Maggio!$B$12:$B$44,0)),INDEX(Giugno!AI$12:AI$44,MATCH($B43,Giugno!$B$12:$B$44,0)),INDEX(Luglio!AI$12:AI$44,MATCH($B43,Luglio!$B$12:$B$44,0))))} -> 0 | E43: {=IF(OR(ISBLANK($B43),ISBLANK($C43)),0,SUM(INDEX(Agosto!AJ$12:AJ$44,MATCH($B43,Agosto!$B$12:$B$44,0)),INDEX(Settembre!AJ$12:AJ$44,MATCH($B43,Settembre!$B$12:$B$44,0)),INDEX(Ottobre!AJ$12:AJ$44,MATCH($B43,Ottobre!$B$12:$B$44,0)),INDEX(Novembre!AJ$12:AJ$44,MATCH($B43,Novembre!$B$12:$B$44,0)),INDEX(Dicembre!AJ$12:AJ$44,MATCH($B43,Dicembre!$B$12:$B$44,0)),INDEX(Gennaio!AJ$12:AJ$44,MATCH($B43,Gennaio!$B$12:$B$44,0)),INDEX(Febbraio!AJ$12:AJ$44,MATCH($B43,Febbraio!$B$12:$B$44,0)),INDEX(Marzo!AJ$12:AJ$44,MATCH($B43,Marzo!$B$12:$B$44,0)),INDEX(Aprile!AJ$12:AJ$44,MATCH($B43,Aprile!$B$12:$B$44,0)),INDEX(Maggio!AJ$12:AJ$44,MATCH($B43,Maggio!$B$12:$B$44,0)),INDEX(Giugno!AJ$12:AJ$44,MATCH($B43,Giugno!$B$12:$B$44,0)),INDEX(Luglio!AJ$12:AJ$44,MATCH($B43,Luglio!$B$12:$B$44,0))))} -> 0 | F43: {=IF(OR(ISBLANK($B43),ISBLANK($C43)),0,SUM(INDEX(Agosto!AK$12:AK$44,MATCH($B43,Agosto!$B$12:$B$44,0)),INDEX(Settembre!AK$12:AK$44,MATCH($B43,Settembre!$B$12:$B$44,0)),INDEX(Ottobre!AK$12:AK$44,MATCH($B43,Ottobre!$B$12:$B$44,0)),INDEX(Novembre!AK$12:AK$44,MATCH($B43,Novembre!$B$12:$B$44,0)),INDEX(Dicembre!AK$12:AK$44,MATCH($B43,Dicembre!$B$12:$B$44,0)),INDEX(Gennaio!AK$12:AK$44,MATCH($B43,Gennaio!$B$12:$B$44,0)),INDEX(Febbraio!AK$12:AK$44,MATCH($B43,Febbraio!$B$12:$B$44,0)),INDEX(Marzo!AK$12:AK$44,MATCH($B43,Marzo!$B$12:$B$44,0)),INDEX(Aprile!AK$12:AK$44,MATCH($B43,Aprile!$B$12:$B$44,0)),INDEX(Maggio!AK$12:AK$44,MATCH($B43,Maggio!$B$12:$B$44,0)),INDEX(Giugno!AK$12:AK$44,MATCH($B43,Giugno!$B$12:$B$44,0)),INDEX(Luglio!AK$12:AK$44,MATCH($B43,Luglio!$B$12:$B$44,0))))} -> 0 | G43: {=IF(OR(ISBLANK($B43),ISBLANK($C43)),0,SUM(INDEX(Agosto!AL$12:AL$44,MATCH($B43,Agosto!$B$12:$B$44,0)),INDEX(Settembre!AL$12:AL$44,MATCH($B43,Settembre!$B$12:$B$44,0)),INDEX(Ottobre!AL$12:AL$44,MATCH($B43,Ottobre!$B$12:$B$44,0)),INDEX(Novembre!AL$12:AL$44,MATCH($B43,Novembre!$B$12:$B$44,0)),INDEX(Dicembre!AL$12:AL$44,MATCH($B43,Dicembre!$B$12:$B$44,0)),INDEX(Gennaio!AL$12:AL$44,MATCH($B43,Gennaio!$B$12:$B$44,0)),INDEX(Febbraio!AL$12:AL$44,MATCH($B43,Febbraio!$B$12:$B$44,0)),INDEX(Marzo!AL$12:AL$44,MATCH($B43,Marzo!$B$12:$B$44,0)),INDEX(Aprile!AL$12:AL$44,MATCH($B43,Aprile!$B$12:$B$44,0)),INDEX(Maggio!AL$12:AL$44,MATCH($B43,Maggio!$B$12:$B$44,0)),INDEX(Giugno!AL$12:AL$44,MATCH($B43,Giugno!$B$12:$B$44,0)),INDEX(Luglio!AL$12:AL$44,MATCH($B43,Luglio!$B$12:$B$44,0))))} -> 0 | H43: {=IF(OR(ISBLANK($B43),ISBLANK($C43)),0,SUM(INDEX(Agosto!AM$12:AM$44,MATCH($B43,Agosto!$B$12:$B$44,0)),INDEX(Settembre!AM$12:AM$44,MATCH($B43,Settembre!$B$12:$B$44,0)),INDEX(Ottobre!AM$12:AM$44,MATCH($B43,Ottobre!$B$12:$B$44,0)),INDEX(Novembre!AM$12:AM$44,MATCH($B43,Novembre!$B$12:$B$44,0)),INDEX(Dicembre!AM$12:AM$44,MATCH($B43,Dicembre!$B$12:$B$44,0)),INDEX(Gennaio!AM$12:AM$44,MATCH($B43,Gennaio!$B$12:$B$44,0)),INDEX(Febbraio!AM$12:AM$44,MATCH($B43,Febbraio!$B$12:$B$44,0)),INDEX(Marzo!AM$12:AM$44,MATCH($B43,Marzo!$B$12:$B$44,0)),INDEX(Aprile!AM$12:AM$44,MATCH($B43,Aprile!$B$12:$B$44,0)),INDEX(Maggio!AM$12:AM$44,MATCH($B43,Maggio!$B$12:$B$44,0)),INDEX(Giugno!AM$12:AM$44,MATCH($B43,Giugno!$B$12:$B$44,0)),INDEX(Luglio!AM$12:AM$44,MATCH($B43,Luglio!$B$12:$B$44,0))))} -> 0 | I43: =IF(Q10=0,0,D43/Q10) -> 0 | J43: =IF(Q10=0,0,E43/Q10) -> 0 | K43: =IF(Q10=0,0,F43/Q10) -> 0 | L43: =IF(Q10=0,0,G43/Q10) -> 0 | M43: =IF(Q10=0,0,H43/Q10) -> 0
B44: Inserisci nuove linee sopra a questa
C45: Totali | D45: =SUM(D12:D44) -> 28 | E45: =SUM(E12:E44) -> 13 | F45: =SUM(F12:F44) -> 0 | G45: =SUM(G12:G44) -> 0 | H45: =SUM(H12:H44) -> 15

Sheet Agosto
B1: Registro mensile
C2: Allenatore | D2: =IF(Sommario!$D$2="","",Sommario!$D$2) -> Inserisci dalle impostazioni | O2: Società | R2: =IF(Sommario!$D$3="","",Sommario!$D$3) -> Inserisci dalle impostazioni | AF2: Mese | AG2: August
C3: Squadra | D3: =IF(Sommario!$D$4="","",Sommario!$D$4) -> Inserisci dalle impostazioni | AF3: Anno | AG3: =Sommario!G6 -> 2025
D5: =Impostazioni!$B$19&" - "&Impostazioni!$D$19&" | "&Impostazioni!$B$20&" - "&Impostazioni!$D$20&" | "&Impostazioni!$B$21&" - "&Impostazioni!$D$21&" | "&Impostazioni!$B$22&" - "&Impostazioni!$D$22&" | "&Impostazioni!$B$23&" - "&Impostazioni!$D$23 -> P - Presente | A - Assente | R - Ritardo | E - Impegno Pallavolistico | I - Infortunio
B10: Agosto | D10: =IF(D11="","",INDEX(weekDay,(WEEKDAY(D11,2)))) -> F | E10: =IF(E11="","",INDEX(weekDay,(WEEKDAY(E11,2)))) -> Sa | F10: =IF(F11="","",INDEX(weekDay,(WEEKDAY(F11,2)))) -> Su | G10: =IF(G11="","",INDEX(weekDay,(WEEKDAY(G11,2)))) -> M | H10: =IF(H11="","",INDEX(weekDay,(WEEKDAY(H11,2)))) -> Tu | I10: =IF(I11="","",INDEX(weekDay,(WEEKDAY(I11,2)))) -> W | J10: =IF(J11="","",INDEX(weekDay,(WEEKDAY(J11,2)))) -> Th | K10: =IF(K11="","",INDEX(weekDay,(WEEKDAY(K11,2)))) -> F | ... AH10: =IF(AH11="","",INDEX(weekDay,(WEEKDAY(AH11,2)))) -> Su | AI10: Totali | AT10: Allenamenti Totali: | AV10: =SUMPRODUCT(--(MMULT(TRANSPOSE(--(D12:AH43<>"")),ROW(D12:D43)^0)>0)) -> 0
B11: ID | C11: Nome | D11: =DATE(AG3,month,1) -> 45870 | E11: =D11+1 -> 45871 | F11: =E11+1 -> 45872 | G11: =F11+1 -> 45873 | H11: =G11+1 -> 45874 | I11: =H11+1 -> 45875 | J11: =I11+1 -> 45876 | K11: =J11+1 -> 45877 | L11: =K11+1 -> 45878 | ... AE11: =AD11+1 -> 45897 | AF11: =IF(MONTH($AE11+COLUMN(AF$11)-COLUMN($AE$11))>month,"",$AE11+COLUMN(AF$11)-COLUMN($AE$11)) -> 45898 | AG11: =IF(MONTH($AE11+COLUMN(AG$11)-COLUMN($AE$11))>month,"",$AE11+COLUMN(AG$11)-COLUMN($AE$11)) -> 45899 | AH11: =IF(MONTH($AE11+COLUMN(AH$11)-COLUMN($AE$11))>month,"",$AE11+COLUMN(AH$11)-COLUMN($AE$11)) -> 45900 | AI11: =Impostazioni!$B$19 -> P | AJ11: =Impostazioni!$B$20 -> A | AK11: =Impostazioni!$B$21 -> R | AL11: =Impostazioni!$B$22 -> E | AM11: =Impostazioni!$B$23 -> I | AN11: =Impostazioni!$B$19&"%" -> P% | AO11: =Impostazioni!$B$20&"%" -> A% | AP11: =Impostazioni!$B$21&"%" -> R% | AQ11: =Impostazioni!$B$22&"%" -> E% | AR11: =Impostazioni!$B$23&"%" -> I%
B12: =IF(ISBLANK(Sommario!$B12),"",Sommario!$B12) -> 1 | C12: {=IF(OR(ISBLANK(INDEX(Sommario!$C$12:$C$44,MATCH($B12,Sommario!$B$12:$B$44,0))),$B12=""),"",INDEX(Sommario!$C$12:$C$44,MATCH($B12,Sommario!$B$12:$B$44,0)))} -> Bertozzi Isabella Mandrup | AI12: =COUNTIF(D12:AH12,$AI$11) -> 0 | AJ12: =COUNTIF(D12:AH12,$AJ$11) -> 0 | AK12: =COUNTIF(D12:AH12,$AK$11) -> 0 | AL12: =COUNTIF(D12:AH12,$AL$11) -> 0 | AM12: =COUNTIF(D12:AH12,$AM$11) -> 0 | AN12: =IF(AV10=0,0,AI12/AV10) -> #NULL! | AO12: =IF(AV10=0,0,AJ12/AV10) -> #NULL! | AP12: =IF(AV10=0,0,AK12/AV10) -> #NULL! | AQ12: =IF(AV10=0,0,AL12/AV10) -> #NULL! | AR12: =IF(AV10=0,0,AM12/AV10) -> #NULL!
B13: =IF(ISBLANK(Sommario!$B13),"",Sommario!$B13) -> 2 | C13: {=IF(OR(ISBLANK(INDEX(Sommario!$C$12:$C$44,MATCH($B13,Sommario!$B$12:$B$44,0))),$B13=""),"",INDEX(Sommario!$C$12:$C$44,MATCH($B13,Sommario!$B$12:$B$44,0)))} -> Biggi Martina | AI13: =COUNTIF(D13:AH13,$AI$11) -> 0 | AJ13: =COUNTIF(D13:AH13,$AJ$11) -> 0 | AK13: =COUNTIF(D13:AH13,$AK$11) -> 0 | AL13: =COUNTIF(D13:AH13,$AL$11) -> 0 | AM13: =COUNTIF(D13:AH13,$AM$11) -> 0 | AN13: =IF(AV10=0,0,AI13/AV10) -> #NULL! | AO13: =IF(AV10=0,0,AJ13/AV10) -> #NULL! | AP13: =IF(AV10=0,0,AK13/AV10) -> #NULL! | AQ13: =IF(AV10=0,0,AL13/AV10) -> #NULL! | AR13: =IF(AV10=0,0,AM13/AV10) -> #NULL!
B14: =IF(ISBLANK(Sommario!$B14),"",Sommario!$B14) -> 3 | C14: {=IF(OR(ISBLANK(INDEX(Sommario!$C$12:$C$44,MATCH($B14,Sommario!$B$12:$B$44,0))),$B14=""),"",INDEX(Sommario!$C$12:$C$44,MATCH($B14,Sommario!$B$12:$B$44,0)))} -> Campanale Aynalem | AI14: =COUNTIF(D14:AH14,$AI$11) -> 0 | AJ14: =COUNTIF(D14:AH14,$AJ$11) -> 0 | AK14: =COUNTIF(D14:AH14,$AK$11) -> 0 | AL14: =COUNTIF(D14:AH14,$AL$11) -> 0 | AM14: =COUNTIF(D14:AH14,$AM$11) -> 0 | AN14: =IF(AV10=0,0,AI14/AV10) -> #NULL! | AO14: =IF(AV10=0,0,AJ14/AV10) -> #NULL! | AP14: =IF(AV10=0,0,AK14/AV10) -> #NULL! | AQ14: =IF(AV10=0,0,AL14/AV10) -> #NULL! | AR14: =IF(AV10=0,0,AM14/AV10) -> #NULL!
B15: =IF(ISBLANK(Sommario!$B15),"",Sommario!$B15) -> 4 | C15: {=IF(OR(ISBLANK(INDEX(Sommario!$C$12:$C$44,MATCH($B15,Sommario!$B$12:$B$44,0))),$B15=""),"",INDEX(Sommario!$C$12:$C$44,MATCH($B15,Sommario!$B$12:$B$44,0)))} -> Carmosino Marta | AI15: =COUNTIF(D15:AH15,$AI$11) -> 0 | AJ15: =COUNTIF(D15:AH15,$AJ$11) -> 0 | AK15: =COUNTIF(D15:AH15,$AK$11) -> 0 | AL15: =COUNTIF(D15:AH15,$AL$11) -> 0 | AM15: =COUNTIF(D15:AH15,$AM$11) -> 0 | AN15: =IF(AV10=0,0,AI15/AV10) -> #NULL! | AO15: =IF(AV10=0,0,AJ15/AV10) -> #NULL! | AP15: =IF(AV10=0,0,AK15/AV10) -> #NULL! | AQ15: =IF(AV10=0,0,AL15/AV10) -> #NULL! | AR15: =IF(AV10=0,0,AM15/AV10) -> #NULL!
B16: =IF(ISBLANK(Sommario!$B16),"",Sommario!$B16) -> 5 | C16: {=IF(OR(ISBLANK(INDEX(Sommario!$C$12:$C$44,MATCH($B16,Sommario!$B$12:$B$44,0))),$B16=""),"",INDEX(Sommario!$C$12:$C$44,MATCH($B16,Sommario!$B$12:$B$44,0)))} -> Collina Marianna | AI16: =COUNTIF(D16:AH16,$AI$11) -> 0 | AJ16: =COUNTIF(D16:AH16,$AJ$11) -> 0 | AK16: =COUNTIF(D16:AH16,$AK$11) -> 0 | AL16: =COUNTIF(D16:AH16,$AL$11) -> 0 | AM16: =COUNTIF(D16:AH16,$AM$11) -> 0 | AN16: =IF(AV10=0,0,AI16/AV10) -> #NULL! | AO16: =IF(AV10=0,0,AJ16/AV10) -> #NULL! | AP16: =IF(AV10=0,0,AK16/AV10) -> #NULL! | AQ16: =IF(AV10=0,0,AL16/AV10) -> #NULL! | AR16: =IF(AV10=0,0,AM16/AV10) -> #NULL!
B17: =IF(ISBLANK(Sommario!$B17),"",Sommario!$B17) -> 6 | C17: {=IF(OR(ISBLANK(INDEX(Sommario!$C$12:$C$44,MATCH($B17,Sommario!$B$12:$B$44,0))),$B17=""),"",INDEX(Sommario!$C$12:$C$44,MATCH($B17,Sommario!$B$12:$B$44,0)))} -> D'Anna Matilde | AI17: =COUNTIF(D17:AH17,$AI$11) -> 0 | AJ17: =COUNTIF(D17:AH17,$AJ$11) -> 0 | AK17: =COUNTIF(D17:AH17,$AK$11) -> 0 | AL17: =COUNTIF(D17:AH17,$AL$11) -> 0 | AM17: =COUNTIF(D17:AH17,$AM$11) -> 0 | AN17: =IF(AV10=0,0,AI17/AV10) -> #NULL! | AO17: =IF(AV10=0,0,AJ17/AV10) -> #NULL! | AP17: =IF(AV10=0,0,AK17/AV10) -> #NULL! | AQ17: =IF(AV10=0,0,AL17/AV10) -> #NULL! | AR17: =IF(AV10=0,0,AM17/AV10) -> #NULL!
B18: =IF(ISBLANK(Sommario!$B18),"",Sommario!$B18) -> 7 | C18: {=IF(OR(ISBLANK(INDEX(Sommario!$C$12:$C$44,MATCH($B18,Sommario!$B$12:$B$44,0))),$B18=""),"",INDEX(Sommario!$C$12:$C$44,MATCH($B18,Sommario!$B$12:$B$44,0)))} -> Darretta Beatrice | AI18: =COUNTIF(D18:AH18,$AI$11) -> 0 | AJ18: =COUNTIF(D18:AH18,$AJ$11) -> 0 | AK18: =COUNTIF(D18:AH18,$AK$11) -> 0 | AL18: =COUNTIF(D18:AH18,$AL$11) -> 0 | AM18: =COUNTIF(D18:AH18,$AM$11) -> 0 | AN18: =IF(AV10=0,0,AI18/AV10) -> #NULL! | AO18: =IF(AV10=0,0,AJ18/AV10) -> #NULL! | AP18: =IF(AV10=0,0,AK18/AV10) -> #NULL! | AQ18: =IF(AV10=0,0,AL18/AV10) -> #NULL! | AR18: =IF(AV10=0,0,AM18/AV10) -> #NULL!
B19: =IF(ISBLANK(Sommario!$B19),"",Sommario!$B19) -> 8 | C19: {=IF(OR(ISBLANK(INDEX(Sommario!$C$12:$C$44,MATCH($B19,Sommario!$B$12:$B$44,0))),$B19=""),"",INDEX(Sommario!$C$12:$C$44,MATCH($B19,Sommario!$B$12:$B$44,0)))} -> Delle Piane Matilde | AI19: =COUNTIF(D19:AH19,$AI$11) -> 0 | AJ19: =COUNTIF(D19:AH19,$AJ$11) -> 0 | AK19: =COUNTIF(D19:AH19,$AK$11) -> 0 | AL19: =COUNTIF(D19:AH19,$AL$11) -> 0 | AM19: =COUNTIF(D19:AH19,$AM$11) -> 0 | AN19: =IF(AV10=0,0,AI19/AV10) -> #NULL! | AO19: =IF(AV10=0,0,AJ19/AV10) -> #NULL! | AP19: =IF(AV10=0,0,AK19/AV10) -> #NULL! | AQ19: =IF(AV10=0,0,AL19/AV10) -> #NULL! | AR19: =IF(AV10=0,0,AM19/AV10) -> #NULL!
B20: =IF(ISBLANK(Sommario!$B20),"",Sommario!$B20) -> 9 | C20: {=IF(OR(ISBLANK(INDEX(Sommario!$C$12:$C$44,MATCH($B20,Sommario!$B$12:$B$44,0))),$B20=""),"",INDEX(Sommario!$C$12:$C$44,MATCH($B20,Sommario!$B$12:$B$44,0)))} -> Di Napoli Sonia | AI20: =COUNTIF(D20:AH20,$AI$11) -> 0 | AJ20: =COUNTIF(D20:AH20,$AJ$11) -> 0 | AK20: =COUNTIF(D20:AH20,$AK$11) -> 0 | AL20: =COUNTIF(D20:AH20,$AL$11) -> 0 | AM20: =COUNTIF(D20:AH20,$AM$11) -> 0 | AN20: =IF(AV10=0,0,AI20/AV10) -> #NULL! | AO20: =IF(AV10=0,0,AJ20/AV10) -> #NULL! | AP20: =IF(AV10=0,0,AK20/AV10) -> #NULL! | AQ20: =IF(AV10=0,0,AL20/AV10) -> #NULL! | AR20: =IF(AV10=0,0,AM20/AV10) -> #NULL!
B21: =IF(ISBLANK(Sommario!$B21),"",Sommario!$B21) -> 10 | C21: {=IF(OR(ISBLANK(INDEX(Sommario!$C$12:$C$44,MATCH($B21,Sommario!$B$12:$B$44,0))),$B21=""),"",INDEX(Sommario!$C$12:$C$44,MATCH($B21,Sommario!$B$12:$B$44,0)))} -> Dicursi Federica | AI21: =COUNTIF(D21:AH21,$AI$11) -> 0 | AJ21: =COUNTIF(D21:AH21,$AJ$11) -> 0 | AK21: =COUNTIF(D21:AH21,$AK$11) -> 0 | AL21: =COUNTIF(D21:AH21,$AL$11) -> 0 | AM21: =COUNTIF(D21:AH21,$AM$11) -> 0 | AN21: =IF(AV10=0,0,AI21/AV10) -> #NULL! | AO21: =IF(AV10=0,0,AJ21/AV10) -> #NULL! | AP21: =IF(AV10=0,0,AK21/AV10) -> #NULL! | AQ21: =IF(AV10=0,0,AL21/AV10) -> #NULL! | AR21: =IF(AV10=0,0,AM21/AV10) -> #NULL!
B22: =IF(ISBLANK(Sommario!$B22),"",Sommario!$B22) -> 11 | C22: {=IF(OR(ISBLANK(INDEX(Sommario!$C$12:$C$44,MATCH($B22,Sommario!$B$12:$B$44,0))),$B22=""),"",INDEX(Sommario!$C$12:$C$44,MATCH($B22,Sommario!$B$12:$B$44,0)))} -> Galati Elisa | AI22: =COUNTIF(D22:AH22,$AI$11) -> 0 | AJ22: =COUNTIF(D22:AH22,$AJ$11) -> 0 | AK22: =COUNTIF(D22:AH22,$AK$11) -> 0 | AL22: =COUNTIF(D22:AH22,$AL$11) -> 0 | AM22: =COUNTIF(D22:AH22,$AM$11) -> 0 | AN22: =IF(AV10=0,0,AI22/AV10) -> #NULL! | AO22: =IF(AV10=0,0,AJ22/AV10) -> #NULL! | AP22: =IF(AV10=0,0,AK22/AV10) -> #NULL! | AQ22: =IF(AV10=0,0,AL22/AV10) -> #NULL! | AR22: =IF(AV10=0,0,AM22/AV10) -> #NULL!
B23: =IF(ISBLANK(Sommario!$B23),"",Sommario!$B23) -> 12 | C23: {=IF(OR(ISBLANK(INDEX(Sommario!$C$12:$C$44,MATCH($B23,Sommario!$B$12:$B$44,0))),$B23=""),"",INDEX(Sommario!$C$12:$C$44,MATCH($B23,Sommario!$B$12:$B$44,0)))} -> Gattuso Maria | AI23: =COUNTIF(D23:AH23,$AI$11) -> 0 | AJ23: =COUNTIF(D23:AH23,$AJ$11) -> 0 | AK23: =COUNTIF(D23:AH23,$AK$11) -> 0 | AL23: =COUNTIF(D23:AH23,$AL$11) -> 0 | AM23: =COUNTIF(D23:AH23,$AM$11) -> 0 | AN23: =IF(AV10=0,0,AI23/AV10) -> #NULL! | AO23: =IF(AV10=0,0,AJ23/AV10) -> #NULL! | AP23: =IF(AV10=0,0,AK23/AV10) -> #NULL! | AQ23: =IF(AV10=0,0,AL23/AV10) -> #NULL! | AR23: =IF(AV10=0,0,AM23/AV10) -> #NULL!
B24: =IF(ISBLANK(Sommario!$B24),"",Sommario!$B24) -> 13 | C24: {=IF(OR(ISBLANK(INDEX(Sommario!$C$12:$C$44,MATCH($B24,Sommario!$B$12:$B$44,0))),$B24=""),"",INDEX(Sommario!$C$12:$C$44,MATCH($B24,Sommario!$B$12:$B$44,0)))} -> Gottero Isabel | AI24: =COUNTIF(D24:AH24,$AI$11) -> 0 | AJ24: =COUNTIF(D24:AH24,$AJ$11) -> 0 | AK24: =COUNTIF(D24:AH24,$AK$11) -> 0 | AL24: =COUNTIF(D24:AH24,$AL$11) -> 0 | AM24: =COUNTIF(D24:AH24,$AM$11) -> 0 | AN24: =IF(AV10=0,0,AI24/AV10) -> #NULL! | AO24: =IF(AV10=0,0,AJ24/AV10) -> #NULL! | AP24: =IF(AV10=0,0,AK24/AV10) -> #NULL! | AQ24: =IF(AV10=0,0,AL24/AV10) -> #NULL! | AR24: =IF(AV10=0,0,AM24/AV10) -> #NULL!
B25: =IF(ISBLANK(Sommario!$B25),"",Sommario!$B25) -> 14 | C25: {=IF(OR(ISBLANK(INDEX(Sommario!$C$12:$C$44,MATCH($B25,Sommario!$B$12:$B$44,0))),$B25=""),"",INDEX(Sommario!$C$12:$C$44,MATCH($B25,Sommario!$B$12:$B$44,0)))} -> Lacetera Eleonora | AI25: =COUNTIF(D25:AH25,$AI$11) -> 0 | AJ25: =COUNTIF(D25:AH25,$AJ$11) -> 0 | AK25: =COUNTIF(D25:AH25,$AK$11) -> 0 | AL25: =COUNTIF(D25:AH25,$AL$11) -> 0 | AM25: =COUNTIF(D25:AH25,$AM$11) -> 0 | AN25: =IF(AV10=0,0,AI25/AV10) -> #NULL! | AO25: =IF(AV10=0,0,AJ25/AV10) -> #NULL! | AP25: =IF(AV10=0,0,AK25/AV10) -> #NULL! | AQ25: =IF(AV10=0,0,AL25/AV10) -> #NULL! | AR25: =IF(AV10=0,0,AM25/AV10) -> #NULL!
B26: =IF(ISBLANK(Sommario!$B26),"",Sommario!$B26) -> 15 | C26: {=IF(OR(ISBLANK(INDEX(Sommario!$C$12:$C$44,MATCH($B26,Sommario!$B$12:$B$44,0))),$B26=""),"",INDEX(Sommario!$C$12:$C$44,MATCH($B26,Sommario!$B$12:$B$44,0)))} -> Maretto Camilla | AI26: =COUNTIF(D26:AH26,$AI$11) -> 0 | AJ26: =COUNTIF(D26:AH26,$AJ$11) -> 0 | AK26: =COUNTIF(D26:AH26,$AK$11) -> 0 | AL26: =COUNTIF(D26:AH26,$AL$11) -> 0 | AM26: =COUNTIF(D26:AH26,$AM$11) -> 0 | AN26: =IF(AV10=0,0,AI26/AV10) -> #NULL! | AO26: =IF(AV10=0,0,AJ26/AV10) -> #NULL! | AP26: =IF(AV10=0,0,AK26/AV10) -> #NULL! | AQ26: =IF(AV10=0,0,AL26/AV10) -> #NULL! | AR26: =IF(AV10=0,0,AM26/AV10) -> #NULL!
B27: =IF(ISBLANK(Sommario!$B27),"",Sommario!$B27) -> 16 | C27: {=IF(OR(ISBLANK(INDEX(Sommario!$C$12:$C$44,MATCH($B27,Sommario!$B$12:$B$44,0))),$B27=""),"",INDEX(Sommario!$C$12:$C$44,MATCH($B27,Sommario!$B$12:$B$44,0)))} -> Masi Martina | AI27: =COUNTIF(D27:AH27,$AI$11) -> 0 | AJ27: =COUNTIF(D27:AH27,$AJ$11) -> 0 | AK27: =COUNTIF(D27:AH27,$AK$11) -> 0 | AL27: =COUNTIF(D27:AH27,$AL$11) -> 0 | AM27: =COUNTIF(D27:AH27,$AM$11) -> 0 | AN27: =IF(AV10=0,0,AI27/AV10) -> #NULL! | AO27: =IF(AV10=0,0,AJ27/AV10) -> #NULL! | AP27: =IF(AV10=0,0,AK27/AV10) -> #NULL! | AQ27: =IF(AV10=0,0,AL27/AV10) -> #NULL! | AR27: =IF(AV10=0,0,AM27/AV10) -> #NULL!
B28: =IF(ISBLANK(Sommario!$B28),"",Sommario!$B28) -> 17 | C28: {=IF(OR(ISBLANK(INDEX(Sommario!$C$12:$C$44,MATCH($B28,Sommario!$B$12:$B$44,0))),$B28=""),"",INDEX(Sommario!$C$12:$C$44,MATCH($B28,Sommario!$B$12:$B$44,0)))} -> Odescalchi Beatrice | AI28: =COUNTIF(D28:AH28,$AI$11) -> 0 | AJ28: =COUNTIF(D28:AH28,$AJ$11) -> 0 | AK28: =COUNTIF(D28:AH28,$AK$11) -> 0 | AL28: =COUNTIF(D28:AH28,$AL$11) -> 0 | AM28: =COUNTIF(D28:AH28,$AM$11) -> 0 | AN28: =IF(AV10=0,0,AI28/AV10) -> #NULL! | AO28: =IF(AV10=0,0,AJ28/AV10) -> #NULL! | AP28: =IF(AV10=0,0,AK28/AV10) -> #NULL! | AQ28: =IF(AV10=0,0,AL28/AV10) -> #NULL! | AR28: =IF(AV10=0,0,AM28/AV10) -> #NULL!
B29: =IF(ISBLANK(Sommario!$B29),"",Sommario!$B29) -> 18 | C29: {=IF(OR(ISBLANK(INDEX(Sommario!$C$12:$C$44,MATCH($B29,Sommario!$B$12:$B$44,0))),$B29=""),"",INDEX(Sommario!$C$12:$C$44,MATCH($B29,Sommario!$B$12:$B$44,0)))} -> Romaniello Emma | AI29: =COUNTIF(D29:AH29,$AI$11) -> 0 | AJ29: =COUNTIF(D29:AH29,$AJ$11) -> 0 | AK29: =COUNTIF(D29:AH29,$AK$11) -> 0 | AL29: =COUNTIF(D29:AH29,$AL$11) -> 0 | AM29: =COUNTIF(D29:AH29,$AM$11) -> 0 | AN29: =IF(AV10=0,0,AI29/AV10) -> #NULL! | AO29: =IF(AV10=0,0,AJ29/AV10) -> #NULL! | AP29: =IF(AV10=0,0,AK29/AV10) -> #NULL! | AQ29: =IF(AV10=0,0,AL29/AV10) -> #NULL! | AR29: =IF(AV10=0,0,AM29/AV10) -> #NULL!
B30: =IF(ISBLANK(Sommario!$B30),"",Sommario!$B30) -> 19 | C30: {=IF(OR(ISBLANK(INDEX(Sommario!$C$12:$C$44,MATCH($B30,Sommario!$B$12:$B$44,0))),$B30=""),"",INDEX(Sommario!$C$12:$C$44,MATCH($B30,Sommario!$B$12:$B$44,0)))} -> Sampietro Giada | AI30: =COUNTIF(D30:AH30,$AI$11) -> 0 | AJ30: =COUNTIF(D30:AH30,$AJ$11) -> 0 | AK30: =COUNTIF(D30:AH30,$AK$11) -> 0 | AL30: =COUNTIF(D30:AH30,$AL$11) -> 0 | AM30: =COUNTIF(D30:AH30,$AM$11) -> 0 | AN30: =IF(AV10=0,0,AI30/AV10) -> #NULL! | AO30: =IF(AV10=0,0,AJ30/AV10) -> #NULL! | AP30: =IF(AV10=0,0,AK30/AV10) -> #NULL! | AQ30: =IF(AV10=0,0,AL30/AV10) -> #NULL! | AR30: =IF(AV10=0,0,AM30/AV10) -> #NULL!
B31: =IF(ISBLANK(Sommario!$B31),"",Sommario!$B31) -> 20 | C31: {=IF(OR(ISBLANK(INDEX(Sommario!$C$12:$C$44,MATCH($B31,Sommario!$B$12:$B$44,0))),$B31=""),"",INDEX(Sommario!$C$12:$C$44,MATCH($B31,Sommario!$B$12:$B$44,0)))} -> Umer Ludovica | AI31: =COUNTIF(D31:AH31,$AI$11) -> 0 | AJ31: =COUNTIF(D31:AH31,$AJ$11) -> 0 | AK31: =COUNTIF(D31:AH31,$AK$11) -> 0 | AL31: =COUNTIF(D31:AH31,$AL$11) -> 0 | AM31: =COUNTIF(D31:AH31,$AM$11) -> 0 | AN31: =IF(AV10=0,0,AI31/AV10) -> #NULL! | AO31: =IF(AV10=0,0,AJ31/AV10) -> #NULL! | AP31: =IF(AV10=0,0,AK31/AV10) -> #NULL! | AQ31: =IF(AV10=0,0,AL31/AV10) -> #NULL! | AR31: =IF(AV10=0,0,AM31/AV10) -> #NULL!
B32: =IF(ISBLANK(Sommario!$B32),"",Sommario!$B32) -> 21 | C32: {=IF(OR(ISBLANK(INDEX(Sommario!$C$12:$C$44,MATCH($B32,Sommario!$B$12:$B$44,0))),$B32=""),"",INDEX(Sommario!$C$12:$C$44,MATCH($B32,Sommario!$B$12:$B$44,0)))} | AI32: =COUNTIF(D32:AH32,$AI$11) -> 0 | AJ32: =COUNTIF(D32:AH32,$AJ$11) -> 0 | AK32: =COUNTIF(D32:AH32,$AK$11) -> 0 | AL32: =COUNTIF(D32:AH32,$AL$11) -> 0 | AM32: =COUNTIF(D32:AH32,$AM$11) -> 0 | AN32: =IF(AV10=0,0,AI32/AV10) -> #NULL! | AO32: =IF(AV10=0,0,AJ32/AV10) -> #NULL! | AP32: =IF(AV10=0,0,AK32/AV10) -> #NULL! | AQ32: =IF(AV10=0,0,AL32/AV10) -> #NULL! | AR32: =IF(AV10=0,0,AM32/AV10) -> #NULL!
B33: =IF(ISBLANK(Sommario!$B33),"",Sommario!$B33) -> 22 | C33: {=IF(OR(ISBLANK(INDEX(Sommario!$C$12:$C$44,MATCH($B33,Sommario!$B$12:$B$44,0))),$B33=""),"",INDEX(Sommario!$C$12:$C$44,MATCH($B33,Sommario!$B$12:$B$44,0)))} | AI33: =COUNTIF(D33:AH33,$AI$11) -> 0 | AJ33: =COUNTIF(D33:AH33,$AJ$11) -> 0 | AK33: =COUNTIF(D33:AH33,$AK$11) -> 0 | AL33: =COUNTIF(D33:AH33,$AL$11) -> 0 | AM33: =COUNTIF(D33:AH33,$AM$11) -> 0 | AN33: =IF(AV10=0,0,AI33/AV10) -> #NULL! | AO33: =IF(AV10=0,0,AJ33/AV10) -> #NULL! | AP33: =IF(AV10=0,0,AK33/AV10) -> #NULL! | AQ33: =IF(AV10=0,0,AL33/AV10) -> #NULL! | AR33: =IF(AV10=0,0,AM33/AV10) -> #NULL!
B34: =IF(ISBLANK(Sommario!$B34),"",Sommario!$B34) -> 23 | C34: {=IF(OR(ISBLANK(INDEX(Sommario!$C$12:$C$44,MATCH($B34,Sommario!$B$12:$B$44,0))),$B34=""),"",INDEX(Sommario!$C$12:$C$44,MATCH($B34,Sommario!$B$12:$B$44,0)))} | AI34: =COUNTIF(D34:AH34,$AI$11) -> 0 | AJ34: =COUNTIF(D34:AH34,$AJ$11) -> 0 | AK34: =COUNTIF(D34:AH34,$AK$11) -> 0 | AL34: =COUNTIF(D34:AH34,$AL$11) -> 0 | AM34: =COUNTIF(D34:AH34,$AM$11) -> 0 | AN34: =IF(AV10=0,0,AI34/AV10) -> #NULL! | AO34: =IF(AV10=0,0,AJ34/AV10) -> #NULL! | AP34: =IF(AV10=0,0,AK34/AV10) -> #NULL! | AQ34: =IF(AV10=0,0,AL34/AV10) -> #NULL! | AR34: =IF(AV10=0,0,AM34/AV10) -> #NULL!
B35: =IF(ISBLANK(Sommario!$B35),"",Sommario!$B35) -> 24 | C35: {=IF(OR(ISBLANK(INDEX(Sommario!$C$12:$C$44,MATCH($B35,Sommario!$B$12:$B$44,0))),$B35=""),"",INDEX(Sommario!$C$12:$C$44,MATCH($B35,Sommario!$B$12:$B$44,0)))} | AI35: =COUNTIF(D35:AH35,$AI$11) -> 0 | AJ35: =COUNTIF(D35:AH35,$AJ$11) -> 0 | AK35: =COUNTIF(D35:AH35,$AK$11) -> 0 | AL35: =COUNTIF(D35:AH35,$AL$11) -> 0 | AM35: =COUNTIF(D35:AH35,$AM$11) -> 0 | AN35: =IF(AV10=0,0,AI35/AV10) -> #NULL! | AO35: =IF(AV10=0,0,AJ35/AV10) -> #NULL! | AP35: =IF(AV10=0,0,AK35/AV10) -> #NULL! | AQ35: =IF(AV10=0,0,AL35/AV10) -> #NULL! | AR35: =IF(AV10=0,0,AM35/AV10) -> #NULL!
B36: =IF(ISBLANK(Sommario!$B36),"",Sommario!$B36) -> 25 | C36: {=IF(OR(ISBLANK(INDEX(Sommario!$C$12:$C$44,MATCH($B36,Sommario!$B$12:$B$44,0))),$B36=""),"",INDEX(Sommario!$C$12:$C$44,MATCH($B36,Sommario!$B$12:$B$44,0)))} | AI36: =COUNTIF(D36:AH36,$AI$11) -> 0 | AJ36: =COUNTIF(D36:AH36,$AJ$11) -> 0 | AK36: =COUNTIF(D36:AH36,$AK$11) -> 0 | AL36: =COUNTIF(D36:AH36,$AL$11) -> 0 | AM36: =COUNTIF(D36:AH36,$AM$11) -> 0 | AN36: =IF(AV10=0,0,AI36/AV10) -> #NULL! | AO36: =IF(AV10=0,0,AJ36/AV10) -> #NULL! | AP36: =IF(AV10=0,0,AK36/AV10) -> #NULL! | AQ36: =IF(AV10=0,0,AL36/AV10) -> #NULL! | AR36: =IF(AV10=0,0,AM36/AV10) -> #NULL!
B37: =IF(ISBLANK(Sommario!$B37),"",Sommario!$B37) -> 26 | C37: {=IF(OR(ISBLANK(INDEX(Sommario!$C$12:$C$44,MATCH($B37,Sommario!$B$12:$B$44,0))),$B37=""),"",INDEX(Sommario!$C$12:$C$44,MATCH($B37,Sommario!$B$12:$B$44,0)))} | AI37: =COUNTIF(D37:AH37,$AI$11) -> 0 | AJ37: =COUNTIF(D37:AH37,$AJ$11) -> 0 | AK37: =COUNTIF(D37:AH37,$AK$11) -> 0 | AL37: =COUNTIF(D37:AH37,$AL$11) -> 0 | AM37: =COUNTIF(D37:AH37,$AM$11) -> 0 | AN37: =IF(AV10=0,0,AI37/AV10) -> #NULL! | AO37: =IF(AV10=0,0,AJ37/AV10) -> #NULL! | AP37: =IF(AV10=0,0,AK37/AV10) -> #NULL! | AQ37: =IF(AV10=0,0,AL37/AV10) -> #NULL! | AR37: =IF(AV10=0,0,AM37/AV10) -> #NULL!
B38: =IF(ISBLANK(Sommario!$B38),"",Sommario!$B38) -> 27 | C38: {=IF(OR(ISBLANK(INDEX(Sommario!$C$12:$C$44,MATCH($B38,Sommario!$B$12:$B$44,0))),$B38=""),"",INDEX(Sommario!$C$12:$C$44,MATCH($B38,Sommario!$B$12:$B$44,0)))} | AI38: =COUNTIF(D38:AH38,$AI$11) -> 0 | AJ38: =COUNTIF(D38:AH38,$AJ$11) -> 0 | AK38: =COUNTIF(D38:AH38,$AK$11) -> 0 | AL38: =COUNTIF(D38:AH38,$AL$11) -> 0 | AM38: =COUNTIF(D38:AH38,$AM$11) -> 0 | AN38: =IF(AV10=0,0,AI38/AV10) -> #NULL! | AO38: =IF(AV10=0,0,AJ38/AV10) -> #NULL! | AP38: =IF(AV10=0,0,AK38/AV10) -> #NULL! | AQ38: =IF(AV10=0,0,AL38/AV10) -> #NULL! | AR38: =IF(AV10=0,0,AM38/AV10) -> #NULL!
B39: =IF(ISBLANK(Sommario!$B39),"",Sommario!$B39) -> 28 | C39: {=IF(OR(ISBLANK(INDEX(Sommario!$C$12:$C$44,MATCH($B39,Sommario!$B$12:$B$44,0))),$B39=""),"",INDEX(Sommario!$C$12:$C$44,MATCH($B39,Sommario!$B$12:$B$44,0)))} | AI39: =COUNTIF(D39:AH39,$AI$11) -> 0 | AJ39: =COUNTIF(D39:AH39,$AJ$11) -> 0 | AK39: =COUNTIF(D39:AH39,$AK$11) -> 0 | AL39: =COUNTIF(D39:AH39,$AL$11) -> 0 | AM39: =COUNTIF(D39:AH39,$AM$11) -> 0 | AN39: =IF(AV10=0,0,AI39/AV10) -> #NULL! | AO39: =IF(AV10=0,0,AJ39/AV10) -> #NULL! | AP39: =IF(AV10=0,0,AK39/AV10) -> #NULL! | AQ39: =IF(AV10=0,0,AL39/AV10) -> #NULL! | AR39: =IF(AV10=0,0,AM39/AV10) -> #NULL!
B40: =IF(ISBLANK(Sommario!$B40),"",Sommario!$B40) -> 29 | C40: {=IF(OR(ISBLANK(INDEX(Sommario!$C$12:$C$44,MATCH($B40,Sommario!$B$12:$B$44,0))),$B40=""),"",INDEX(Sommario!$C$12:$C$44,MATCH($B40,Sommario!$B$12:$B$44,0)))} | AI40: =COUNTIF(D40:AH40,$AI$11) -> 0 | AJ40: =COUNTIF(D40:AH40,$AJ$11) -> 0 | AK40: =COUNTIF(D40:AH40,$AK$11) -> 0 | AL40: =COUNTIF(D40:AH40,$AL$11) -> 0 | AM40: =COUNTIF(D40:AH40,$AM$11) -> 0 | AN40: =IF(AV10=0,0,AI40/AV10) -> #NULL! | AO40: =IF(AV10=0,0,AJ40/AV10) -> #NULL! | AP40: =IF(AV10=0,0,AK40/AV10) -> #NULL! | AQ40: =IF(AV10=0,0,AL40/AV10) -> #NULL! | AR40: =IF(AV10=0,0,AM40/AV10) -> #NULL!
B41: =IF(ISBLANK(Sommario!$B41),"",Sommario!$B41) -> 30 | C41: {=IF(OR(ISBLANK(INDEX(Sommario!$C$12:$C$44,MATCH($B41,Sommario!$B$12:$B$44,0))),$B41=""),"",INDEX(Sommario!$C$12:$C$44,MATCH($B41,Sommario!$B$12:$B$44,0)))} | AI41: =COUNTIF(D41:AH41,$AI$11) -> 0 | AJ41: =COUNTIF(D41:AH41,$AJ$11) -> 0 | AK41: =COUNTIF(D41:AH41,$AK$11) -> 0 | AL41: =COUNTIF(D41:AH41,$AL$11) -> 0 | AM41: =COUNTIF(D41:AH41,$AM$11) -> 0 | AN41: =IF(AV10=0,0,AI41/AV10) -> #NULL! | AO41: =IF(AV10=0,0,AJ41/AV10) -> #NULL! | AP41: =IF(AV10=0,0,AK41/AV10) -> #NULL! | AQ41: =IF(AV10=0,0,AL41/AV10) -> #NULL! | AR41: =IF(AV10=0,0,AM41/AV10) -> #NULL!
B42: =IF(ISBLANK(Sommario!$B42),"",Sommario!$B42) -> 31 | C42: {=IF(OR(ISBLANK(INDEX(Sommario!$C$12:$C$44,MATCH($B42,Sommario!$B$12:$B$44,0))),$B42=""),"",INDEX(Sommario!$C$12:$C$44,MATCH($B42,Sommario!$B$12:$B$44,0)))} | AI42: =COUNTIF(D42:AH42,$AI$11) -> 0 | AJ42: =COUNTIF(D42:AH42,$AJ$11) -> 0 | AK42: =COUNTIF(D42:AH42,$AK$11) -> 0 | AL42: =COUNTIF(D42:AH42,$AL$11) -> 0 | AM42: =COUNTIF(D42:AH42,$AM$11) -> 0 | AN42: =IF(AV10=0,0,AI42/AV10) -> #NULL! | AO42: =IF(AV10=0,0,AJ42/AV10) -> #NULL! | AP42: =IF(AV10=0,0,AK42/AV10) -> #NULL! | AQ42: =IF(AV10=0,0,AL42/AV10) -> #NULL! | AR42: =IF(AV10=0,0,AM42/AV10) -> #NULL!
B43: =IF(ISBLANK(Sommario!$B43),"",Sommario!$B43) -> 32 | C43: {=IF(OR(ISBLANK(INDEX(Sommario!$C$12:$C$44,MATCH($B43,Sommario!$B$12:$B$44,0))),$B43=""),"",INDEX(Sommario!$C$12:$C$44,MATCH($B43,Sommario!$B$12:$B$44,0)))} | AI43: =COUNTIF(D43:AH43,$AI$11) -> 0 | AJ43: =COUNTIF(D43:AH43,$AJ$11) -> 0 | AK43: =COUNTIF(D43:AH43,$AK$11) -> 0 | AL43: =COUNTIF(D43:AH43,$AL$11) -> 0 | AM43: =COUNTIF(D43:AH43,$AM$11) -> 0 | AN43: =IF(AV10=0,0,AI43/AV10) -> #NULL! | AO43: =IF(AV10=0,0,AJ43/AV10) -> #NULL! | AP43: =IF(AV10=0,0,AK43/AV10) -> #NULL! | AQ43: =IF(AV10=0,0,AL43/AV10) -> #NULL! | AR43: =IF(AV10=0,0,AM43/AV10) -> #NULL!
B44: Inserisci nuove linee sopra a questa
AH45: Totali | AI45: =SUM(AI12:AI44) -> 0 | AJ45: =SUM(AJ12:AJ44) -> 0 | AK45: =SUM(AK12:AK44) -> 0 | AL45: =SUM(AL12:AL44) -> 0 | AM45: =SUM(AM12:AM44) -> 0

Sheet Settembre
B1: Registro Mensile
C2: Allenatore | D2: =IF(Sommario!$D$2="","",Sommario!$D$2) -> Inserisci dalle impostazioni | O2: Società | R2: =IF(Sommario!$D$3="","",Sommario!$D$3) -> Inserisci dalle impostazioni | AF2: Mese | AG2: September
C3: Squadra | D3: =IF(Sommario!$D$4="","",Sommario!$D$4) -> Inserisci dalle impostazioni | AF3: Anno | AG3: =Agosto!AG3 -> 2025
D5: =Impostazioni!$B$19&" - "&Impostazioni!$D$19&" | "&Impostazioni!$B$20&" - "&Impostazioni!$D$20&" | "&Impostazioni!$B$21&" - "&Impostazioni!$D$21&" | "&Impostazioni!$B$22&" - "&Impostazioni!$D$22&" | "&Impostazioni!$B$23&" - "&Impostazioni!$D$23 -> P - Presente | A - Assente | R - Ritardo | E - Impegno Pallavolistico | I - Infortunio
B10: Settembre | D10: =IF(D11="","",INDEX(weekDay,(WEEKDAY(D11,2)))) -> M | E10: =IF(E11="","",INDEX(weekDay,(WEEKDAY(E11,2)))) -> Tu | F10: =IF(F11="","",INDEX(weekDay,(WEEKDAY(F11,2)))) -> W | G10: =IF(G11="","",INDEX(weekDay,(WEEKDAY(G11,2)))) -> Th | H10: =IF(H11="","",INDEX(weekDay,(WEEKDAY(H11,2)))) -> F | I10: =IF(I11="","",INDEX(weekDay,(WEEKDAY(I11,2)))) -> Sa | J10: =IF(J11="","",INDEX(weekDay,(WEEKDAY(J11,2)))) -> Su | K10: =IF(K11="","",INDEX(weekDay,(WEEKDAY(K11,2)))) -> M | ... AH10: =IF(AH11="","",INDEX(weekDay,(WEEKDAY(AH11,2)))) | AI10: Totali | AT10: Allenamenti Totali: | AV10: =SUMPRODUCT(--(MMULT(TRANSPOSE(--(D12:AH43<>"")),ROW(D12:D43)^0)>0)) -> 0
B11: ID | C11: Nome | D11: =DATE(AG3,month,1) -> 45901 | E11: =D11+1 -> 45902 | F11: =E11+1 -> 45903 | G11: =F11+1 -> 45904 | H11: =G11+1 -> 45905 | I11: =H11+1 -> 45906 | J11: =I11+1 -> 45907 | K11: =J11+1 -> 45908 | L11: =K11+1 -> 45909 | ... AE11: =AD11+1 -> 45928 | AF11: =IF(MONTH($AE11+COLUMN(AF$11)-COLUMN($AE$11))>month,"",$AE11+COLUMN(AF$11)-COLUMN($AE$11)) -> 45929 | AG11: =IF(MONTH($AE11+COLUMN(AG$11)-COLUMN($AE$11))>month,"",$AE11+COLUMN(AG$11)-COLUMN($AE$11)) -> 45930 | AH11: =IF(MONTH($AE11+COLUMN(AH$11)-COLUMN($AE$11))>month,"",$AE11+COLUMN(AH$11)-COLUMN($AE$11)) | AI11: =Impostazioni!$B$19 -> P | AJ11: =Impostazioni!$B$20 -> A | AK11: =Impostazioni!$B$21 -> R | AL11: =Impostazioni!$B$22 -> E | AM11: =Impostazioni!$B$23 -> I | AN11: =Impostazioni!$B$19&"%" -> P% | AO11: =Impostazioni!$B$20&"%" -> A% | AP11: =Impostazioni!$B$21&"%" -> R% | AQ11: =Impostazioni!$B$22&"%" -> E% | AR11: =Impostazioni!$B$23&"%" -> I%
B12: =IF(ISBLANK(Sommario!$B12),"",Sommario!$B12) -> 1 | C12: {=IF(OR(ISBLANK(INDEX(Sommario!$C$12:$C$44,MATCH($B12,Sommario!$B$12:$B$44,0))),$B12=""),"",INDEX(Sommario!$C$12:$C$44,MATCH($B12,Sommario!$B$12:$B$44,0)))} -> Bertozzi Isabella Mandrup | AI12: =COUNTIF(D12:AH12,$AI$11) -> 0 | AJ12: =COUNTIF(D12:AH12,$AJ$11) -> 0 | AK12: =COUNTIF(D12:AH12,$AK$11) -> 0 | AL12: =COUNTIF(D12:AH12,$AL$11) -> 0 | AM12: =COUNTIF(D12:AH12,$AM$11) -> 0 | AN12: =IF(AV10=0,0,AI12/AV10) -> #NULL! | AO12: =IF(AV10=0,0,AJ12/AV10) -> #NULL! | AP12: =IF(AV10=0,0,AK12/AV10) -> #NULL! | AQ12: =IF(AV10=0,0,AL12/AV10) -> #NULL! | AR12: =IF(AV10=0,0,AM12/AV10) -> #NULL!
B13: =IF(ISBLANK(Sommario!$B13),"",Sommario!$B13) -> 2 | C13: {=IF(OR(ISBLANK(INDEX(Sommario!$C$12:$C$44,MATCH($B13,Sommario!$B$12:$B$44,0))),$B13=""),"",INDEX(Sommario!$C$12:$C$44,MATCH($B13,Sommario!$B$12:$B$44,0)))} -> Biggi Martina | AI13: =COUNTIF(D13:AH13,$AI$11) -> 0 | AJ13: =COUNTIF(D13:AH13,$AJ$11) -> 0 | AK13: =COUNTIF(D13:AH13,$AK$11) -> 0 | AL13: =COUNTIF(D13:AH13,$AL$11) -> 0 | AM13: =COUNTIF(D13:AH13,$AM$11) -> 0 | AN13: =IF(AV10=0,0,AI13/AV10) -> #NULL! | AO13: =IF(AV10=0,0,AJ13/AV10) -> #NULL! | AP13: =IF(AV10=0,0,AK13/AV10) -> #NULL! | AQ13: =IF(AV10=0,0,AL13/AV10) -> #NULL! | AR13: =IF(AV10=0,0,AM13/AV10) -> #NULL!
B14: =IF(ISBLANK(Sommario!$B14),"",Sommario!$B14) -> 3 | C14: {=IF(OR(ISBLANK(INDEX(Sommario!$C$12:$C$44,MATCH($B14,Sommario!$B$12:$B$44,0))),$B14=""),"",INDEX(Sommario!$C$12:$C$44,MATCH($B14,Sommario!$B$12:$B$44,0)))} -> Campanale Aynalem | AI14: =COUNTIF(D14:AH14,$AI$11) -> 0 | AJ14: =COUNTIF(D14:AH14,$AJ$11) -> 0 | AK14: =COUNTIF(D14:AH14,$AK$11) -> 0 | AL14: =COUNTIF(D14:AH14,$AL$11) -> 0 | AM14: =COUNTIF(D14:AH14,$AM$11) -> 0 | AN14: =IF(AV10=0,0,AI14/AV10) -> #NULL! | AO14: =IF(AV10=0,0,AJ14/AV10) -> #NULL! | AP14: =IF(AV10=0,0,AK14/AV10) -> #NULL! | AQ14: =IF(AV10=0,0,AL14/AV10) -> #NULL! | AR14: =IF(AV10=0,0,AM14/AV10) -> #NULL!
B15: =IF(ISBLANK(Sommario!$B15),"",Sommario!$B15) -> 4 | C15: {=IF(OR(ISBLANK(INDEX(Sommario!$C$12:$C$44,MATCH($B15,Sommario!$B$12:$B$44,0))),$B15=""),"",INDEX(Sommario!$C$12:$C$44,MATCH($B15,Sommario!$B$12:$B$44,0)))} -> Carmosino Marta | AI15: =COUNTIF(D15:AH15,$AI$11) -> 0 | AJ15: =COUNTIF(D15:AH15,$AJ$11) -> 0 | AK15: =COUNTIF(D15:AH15,$AK$11) -> 0 | AL15: =COUNTIF(D15:AH15,$AL$11) -> 0 | AM15: =COUNTIF(D15:AH15,$AM$11) -> 0 | AN15: =IF(AV10=0,0,AI15/AV10) -> #NULL! | AO15: =IF(AV10=0,0,AJ15/AV10) -> #NULL! | AP15: =IF(AV10=0,0,AK15/AV10) -> #NULL! | AQ15: =IF(AV10=0,0,AL15/AV10) -> #NULL! | AR15: =IF(AV10=0,0,AM15/AV10) -> #NULL!
B16: =IF(ISBLANK(Sommario!$B16),"",Sommario!$B16) -> 5 | C16: {=IF(OR(ISBLANK(INDEX(Sommario!$C$12:$C$44,MATCH($B16,Sommario!$B$12:$B$44,0))),$B16=""),"",INDEX(Sommario!$C$12:$C$44,MATCH($B16,Sommario!$B$12:$B$44,0)))} -> Collina Marianna | AI16: =COUNTIF(D16:AH16,$AI$11) -> 0 | AJ16: =COUNTIF(D16:AH16,$AJ$11) -> 0 | AK16: =COUNTIF(D16:AH16,$AK$11) -> 0 | AL16: =COUNTIF(D16:AH16,$AL$11) -> 0 | AM16: =COUNTIF(D16:AH16,$AM$11) -> 0 | AN16: =IF(AV10=0,0,AI16/AV10) -> #NULL! | AO16: =IF(AV10=0,0,AJ16/AV10) -> #NULL! | AP16: =IF(AV10=0,0,AK16/AV10) -> #NULL! | AQ16: =IF(AV10=0,0,AL16/AV10) -> #NULL! | AR16: =IF(AV10=0,0,AM16/AV10) -> #NULL!
B17: =IF(ISBLANK(Sommario!$B17),"",Sommario!$B17) -> 6 | C17: {=IF(OR(ISBLANK(INDEX(Sommario!$C$12:$C$44,MATCH($B17,Sommario!$B$12:$B$44,0))),$B17=""),"",INDEX(Sommario!$C$12:$C$44,MATCH($B17,Sommario!$B$12:$B$44,0)))} -> D'Anna Matilde | AI17: =COUNTIF(D17:AH17,$AI$11) -> 0 | AJ17: =COUNTIF(D17:AH17,$AJ$11) -> 0 | AK17: =COUNTIF(D17:AH17,$AK$11) -> 0 | AL17: =COUNTIF(D17:AH17,$AL$11) -> 0 | AM17: =COUNTIF(D17:AH17,$AM$11) -> 0 | AN17: =IF(AV10=0,0,AI17/AV10) -> #NULL! | AO17: =IF(AV10=0,0,AJ17/AV10) -> #NULL! | AP17: =IF(AV10=0,0,AK17/AV10) -> #NULL! | AQ17: =IF(AV10=0,0,AL17/AV10) -> #NULL! | AR17: =IF(AV10=0,0,AM17/AV10) -> #NULL!
B18: =IF(ISBLANK(Sommario!$B18),"",Sommario!$B18) -> 7 | C18: {=IF(OR(ISBLANK(INDEX(Sommario!$C$12:$C$44,MATCH($B18,Sommario!$B$12:$B$44,0))),$B18=""),"",INDEX(Sommario!$C$12:$C$44,MATCH($B18,Sommario!$B$12:$B$44,0)))} -> Darretta Beatrice | AI18: =COUNTIF(D18:AH18,$AI$11) -> 0 | AJ18: =COUNTIF(D18:AH18,$AJ$11) -> 0 | AK18: =COUNTIF(D18:AH18,$AK$11) -> 0 | AL18: =COUNTIF(D18:AH18,$AL$11) -> 0 | AM18: =COUNTIF(D18:AH18,$AM$11) -> 0 | AN18: =IF(AV10=0,0,AI18/AV10) -> #NULL! | AO18: =IF(AV10=0,0,AJ18/AV10) -> #NULL! | AP18: =IF(AV10=0,0,AK18/AV10) -> #NULL! | AQ18: =IF(AV10=0,0,AL18/AV10) -> #NULL! | AR18: =IF(AV10=0,0,AM18/AV10) -> #NULL!
B19: =IF(ISBLANK(Sommario!$B19),"",Sommario!$B19) -> 8 | C19: {=IF(OR(ISBLANK(INDEX(Sommario!$C$12:$C$44,MATCH($B19,Sommario!$B$12:$B$44,0))),$B19=""),"",INDEX(Sommario!$C$12:$C$44,MATCH($B19,Sommario!$B$12:$B$44,0)))} -> Delle Piane Matilde | AI19: =COUNTIF(D19:AH19,$AI$11) -> 0 | AJ19: =COUNTIF(D19:AH19,$AJ$11) -> 0 | AK19: =COUNTIF(D19:AH19,$AK$11) -> 0 | AL19: =COUNTIF(D19:AH19,$AL$11) -> 0 | AM19: =COUNTIF(D19:AH19,$AM$11) -> 0 | AN19: =IF(AV10=0,0,AI19/AV10) -> #NULL! | AO19: =IF(AV10=0,0,AJ19/AV10) -> #NULL! | AP19: =IF(AV10=0,0,AK19/AV10) -> #NULL! | AQ19: =IF(AV10=0,0,AL19/AV10) -> #NULL! | AR19: =IF(AV10=0,0,AM19/AV10) -> #NULL!
B20: =IF(ISBLANK(Sommario!$B20),"",Sommario!$B20) -> 9 | C20: {=IF(OR(ISBLANK(INDEX(Sommario!$C$12:$C$44,MATCH($B20,Sommario!$B$12:$B$44,0))),$B20=""),"",INDEX(Sommario!$C$12:$C$44,MATCH($B20,Sommario!$B$12:$B$44,0)))} -> Di Napoli Sonia | AI20: =COUNTIF(D20:AH20,$AI$11) -> 0 | AJ20: =COUNTIF(D20:AH20,$AJ$11) -> 0 | AK20: =COUNTIF(D20:AH20,$AK$11) -> 0 | AL20: =COUNTIF(D20:AH20,$AL$11) -> 0 | AM20: =COUNTIF(D20:AH20,$AM$11) -> 0 | AN20: =IF(AV10=0,0,AI20/AV10) -> #NULL! | AO20: =IF(AV10=0,0,AJ20/AV10) -> #NULL! | AP20: =IF(AV10=0,0,AK20/AV10) -> #NULL! | AQ20: =IF(AV10=0,0,AL20/AV10) -> #NULL! | AR20: =IF(AV10=0,0,AM20/AV10) -> #NULL!
B21: =IF(ISBLANK(Sommario!$B21),"",Sommario!$B21) -> 10 | C21: {=IF(OR(ISBLANK(INDEX(Sommario!$C$12:$C$44,MATCH($B21,Sommario!$B$12:$B$44,0))),$B21=""),"",INDEX(Sommario!$C$12:$C$44,MATCH($B21,Sommario!$B$12:$B$44,0)))} -> Dicursi Federica | AI21: =COUNTIF(D21:AH21,$AI$11) -> 0 | AJ21: =COUNTIF(D21:AH21,$AJ$11) -> 0 | AK21: =COUNTIF(D21:AH21,$AK$11) -> 0 | AL21: =COUNTIF(D21:AH21,$AL$11) -> 0 | AM21: =COUNTIF(D21:AH21,$AM$11) -> 0 | AN21: =IF(AV10=0,0,AI21/AV10) -> #NULL! | AO21: =IF(AV10=0,0,AJ21/AV10) -> #NULL! | AP21: =IF(AV10=0,0,AK21/AV10) -> #NULL! | AQ21: =IF(AV10=0,0,AL21/AV10) -> #NULL! | AR21: =IF(AV10=0,0,AM21/AV10) -> #NULL!
B22: =IF(ISBLANK(Sommario!$B22),"",Sommario!$B22) -> 11 | C22: {=IF(OR(ISBLANK(INDEX(Sommario!$C$12:$C$44,MATCH($B22,Sommario!$B$12:$B$44,0))),$B22=""),"",INDEX(Sommario!$C$12:$C$44,MATCH($B22,Sommario!$B$12:$B$44,0)))} -> Galati Elisa | AI22: =COUNTIF(D22:AH22,$AI$11) -> 0 | AJ22: =COUNTIF(D22:AH22,$AJ$11) -> 0 | AK22: =COUNTIF(D22:AH22,$AK$11) -> 0 | AL22: =COUNTIF(D22:AH22,$AL$11) -> 0 | AM22: =COUNTIF(D22:AH22,$AM$11) -> 0 | AN22: =IF(AV10=0,0,AI22/AV10) -> #NULL! | AO22: =IF(AV10=0,0,AJ22/AV10) -> #NULL! | AP22: =IF(AV10=0,0,AK22/AV10) -> #NULL! | AQ22: =IF(AV10=0,0,AL22/AV10) -> #NULL! | AR22: =IF(AV10=0,0,AM22/AV10) -> #NULL!
B23: =IF(ISBLANK(Sommario!$B23),"",Sommario!$B23) -> 12 | C23: {=IF(OR(ISBLANK(INDEX(Sommario!$C$12:$C$44,MATCH($B23,Sommario!$B$12:$B$44,0))),$B23=""),"",INDEX(Sommario!$C$12:$C$44,MATCH($B23,Sommario!$B$12:$B$44,0)))} -> Gattuso Maria | AI23: =COUNTIF(D23:AH23,$AI$11) -> 0 | AJ23: =COUNTIF(D23:AH23,$AJ$11) -> 0 | AK23: =COUNTIF(D23:AH23,$AK$11) -> 0 | AL23: =COUNTIF(D23:AH23,$AL$11) -> 0 | AM23: =COUNTIF(D23:AH23,$AM$11) -> 0 | AN23: =IF(AV10=0,0,AI23/AV10) -> #NULL! | AO23: =IF(AV10=0,0,AJ23/AV10) -> #NULL! | AP23: =IF(AV10=0,0,AK23/AV10) -> #NULL! | AQ23: =IF(AV10=0,0,AL23/AV10) -> #NULL! | AR23: =IF(AV10=0,0,AM23/AV10) -> #NULL!
B24: =IF(ISBLANK(Sommario!$B24),"",Sommario!$B24) -> 13 | C24: {=IF(OR(ISBLANK(INDEX(Sommario!$C$12:$C$44,MATCH($B24,Sommario!$B$12:$B$44,0))),$B24=""),"",INDEX(Sommario!$C$12:$C$44,MATCH($B24,Sommario!$B$12:$B$44,0)))} -> Gottero Isabel | AI24: =COUNTIF(D24:AH24,$AI$11) -> 0 | AJ24: =COUNTIF(D24:AH24,$AJ$11) -> 0 | AK24: =COUNTIF(D24:AH24,$AK$11) -> 0 | AL24: =COUNTIF(D24:AH24,$AL$11) -> 0 | AM24: =COUNTIF(D24:AH24,$AM$11) -> 0 | AN24: =IF(AV10=0,0,AI24/AV10) -> #NULL! | AO24: =IF(AV10=0,0,AJ24/AV10) -> #NULL! | AP24: =IF(AV10=0,0,AK24/AV10) -> #NULL! | AQ24: =IF(AV10=0,0,AL24/AV10) -> #NULL! | AR24: =IF(AV10=0,0,AM24/AV10) -> #NULL!
B25: =IF(ISBLANK(Sommario!$B25),"",Sommario!$B25) -> 14 | C25: {=IF(OR(ISBLANK(INDEX(Sommario!$C$12:$C$44,MATCH($B25,Sommario!$B$12:$B$44,0))),$B25=""),"",INDEX(Sommario!$C$12:$C$44,MATCH($B25,Sommario!$B$12:$B$44,0)))} -> Lacetera Eleonora | AI25: =COUNTIF(D25:AH25,$AI$11) -> 0 | AJ25: =COUNTIF(D25:AH25,$AJ$11) -> 0 | AK25: =COUNTIF(D25:AH25,$AK$11) -> 0 | AL25: =COUNTIF(D25:AH25,$AL$11) -> 0 | AM25: =COUNTIF(D25:AH25,$AM$11) -> 0 | AN25: =IF(AV10=0,0,AI25/AV10) -> #NULL! | AO25: =IF(AV10=0,0,AJ25/AV10) -> #NULL! | AP25: =IF(AV10=0,0,AK25/AV10) -> #NULL! | AQ25: =IF(AV10=0,0,AL25/AV10) -> #NULL! | AR25: =IF(AV10=0,0,AM25/AV10) -> #NULL!
B26: =IF(ISBLANK(Sommario!$B26),"",Sommario!$B26) -> 15 | C26: {=IF(OR(ISBLANK(INDEX(Sommario!$C$12:$C$44,MATCH($B26,Sommario!$B$12:$B$44,0))),$B26=""),"",INDEX(Sommario!$C$12:$C$44,MATCH($B26,Sommario!$B$12:$B$44,0)))} -> Maretto Camilla | AI26: =COUNTIF(D26:AH26,$AI$11) -> 0 | AJ26: =COUNTIF(D26:AH26,$AJ$11) -> 0 | AK26: =COUNTIF(D26:AH26,$AK$11) -> 0 | AL26: =COUNTIF(D26:AH26,$AL$11) -> 0 | AM26: =COUNTIF(D26:AH26,$AM$11) -> 0 | AN26: =IF(AV10=0,0,AI26/AV10) -> #NULL! | AO26: =IF(AV10=0,0,AJ26/AV10) -> #NULL! | AP26: =IF(AV10=0,0,AK26/AV10) -> #NULL! | AQ26: =IF(AV10=0,0,AL26/AV10) -> #NULL! | AR26: =IF(AV10=0,0,AM26/AV10) -> #NULL!
B27: =IF(ISBLANK(Sommario!$B27),"",Sommario!$B27) -> 16 | C27: {=IF(OR(ISBLANK(INDEX(Sommario!$C$12:$C$44,MATCH($B27,Sommario!$B$12:$B$44,0))),$B27=""),"",INDEX(Sommario!$C$12:$C$44,MATCH($B27,Sommario!$B$12:$B$44,0)))} -> Masi Martina | AI27: =COUNTIF(D27:AH27,$AI$11) -> 0 | AJ27: =COUNTIF(D27:AH27,$AJ$11) -> 0 | AK27: =COUNTIF(D27:AH27,$AK$11) -> 0 | AL27: =COUNTIF(D27:AH27,$AL$11) -> 0 | AM27: =COUNTIF(D27:AH27,$AM$11) -> 0 | AN27: =IF(AV10=0,0,AI27/AV10) -> #NULL! | AO27: =IF(AV10=0,0,AJ27/AV10) -> #NULL! | AP27: =IF(AV10=0,0,AK27/AV10) -> #NULL! | AQ27: =IF(AV10=0,0,AL27/AV10) -> #NULL! | AR27: =IF(AV10=0,0,AM27/AV10) -> #NULL!
B28: =IF(ISBLANK(Sommario!$B28),"",Sommario!$B28) -> 17 | C28: {=IF(OR(ISBLANK(INDEX(Sommario!$C$12:$C$44,MATCH($B28,Sommario!$B$12:$B$44,0))),$B28=""),"",INDEX(Sommario!$C$12:$C$44,MATCH($B28,Sommario!$B$12:$B$44,0)))} -> Odescalchi Beatrice | AI28: =COUNTIF(D28:AH28,$AI$11) -> 0 | AJ28: =COUNTIF(D28:AH28,$AJ$11) -> 0 | AK28: =COUNTIF(D28:AH28,$AK$11) -> 0 | AL28: =COUNTIF(D28:AH28,$AL$11) -> 0 | AM28: =COUNTIF(D28:AH28,$AM$11) -> 0 | AN28: =IF(AV10=0,0,AI28/AV10) -> #NULL! | AO28: =IF(AV10=0,0,AJ28/AV10) -> #NULL! | AP28: =IF(AV10=0,0,AK28/AV10) -> #NULL! | AQ28: =IF(AV10=0,0,AL28/AV10) -> #NULL! | AR28: =IF(AV10=0,0,AM28/AV10) -> #NULL!
B29: =IF(ISBLANK(Sommario!$B29),"",Sommario!$B29) -> 18 | C29: {=IF(OR(ISBLANK(INDEX(Sommario!$C$12:$C$44,MATCH($B29,Sommario!$B$12:$B$44,0))),$B29=""),"",INDEX(Sommario!$C$12:$C$44,MATCH($B29,Sommario!$B$12:$B$44,0)))} -> Romaniello Emma | AI29: =COUNTIF(D29:AH29,$AI$11) -> 0 | AJ29: =COUNTIF(D29:AH29,$AJ$11) -> 0 | AK29: =COUNTIF(D29:AH29,$AK$11) -> 0 | AL29: =COUNTIF(D29:AH29,$AL$11) -> 0 | AM29: =COUNTIF(D29:AH29,$AM$11) -> 0 | AN29: =IF(AV10=0,0,AI29/AV10) -> #NULL! | AO29: =IF(AV10=0,0,AJ29/AV10) -> #NULL! | AP29: =IF(AV10=0,0,AK29/AV10) -> #NULL! | AQ29: =IF(AV10=0,0,AL29/AV10) -> #NULL! | AR29: =IF(AV10=0,0,AM29/AV10) -> #NULL!
B30: =IF(ISBLANK(Sommario!$B30),"",Sommario!$B30) -> 19 | C30: {=IF(OR(ISBLANK(INDEX(Sommario!$C$12:$C$44,MATCH($B30,Sommario!$B$12:$B$44,0))),$B30=""),"",INDEX(Sommario!$C$12:$C$44,MATCH($B30,Sommario!$B$12:$B$44,0)))} -> Sampietro Giada | AI30: =COUNTIF(D30:AH30,$AI$11) -> 0 | AJ30: =COUNTIF(D30:AH30,$AJ$11) -> 0 | AK30: =COUNTIF(D30:AH30,$AK$11) -> 0 | AL30: =COUNTIF(D30:AH30,$AL$11) -> 0 | AM30: =COUNTIF(D30:AH30,$AM$11) -> 0 | AN30: =IF(AV10=0,0,AI30/AV10) -> #NULL! | AO30: =IF(AV10=0,0,AJ30/AV10) -> #NULL! | AP30: =IF(AV10=0,0,AK30/AV10) -> #NULL! | AQ30: =IF(AV10=0,0,AL30/AV10) -> #NULL! | AR30: =IF(AV10=0,0,AM30/AV10) -> #NULL!
B31: =IF(ISBLANK(Sommario!$B31),"",Sommario!$B31) -> 20 | C31: {=IF(OR(ISBLANK(INDEX(Sommario!$C$12:$C$44,MATCH($B31,Sommario!$B$12:$B$44,0))),$B31=""),"",INDEX(Sommario!$C$12:$C$44,MATCH($B31,Sommario!$B$12:$B$44,0)))} -> Umer Ludovica | AI31: =COUNTIF(D31:AH31,$AI$11) -> 0 | AJ31: =COUNTIF(D31:AH31,$AJ$11) -> 0 | AK31: =COUNTIF(D31:AH31,$AK$11) -> 0 | AL31: =COUNTIF(D31:AH31,$AL$11) -> 0 | AM31: =COUNTIF(D31:AH31,$AM$11) -> 0 | AN31: =IF(AV10=0,0,AI31/AV10) -> #NULL! | AO31: =IF(AV10=0,0,AJ31/AV10) -> #NULL! | AP31: =IF(AV10=0,0,AK31/AV10) -> #NULL! | AQ31: =IF(AV10=0,0,AL31/AV10) -> #NULL! | AR31: =IF(AV10=0,0,AM31/AV10) -> #NULL!
B32: =IF(ISBLANK(Sommario!$B32),"",Sommario!$B32) -> 21 | C32: {=IF(OR(ISBLANK(INDEX(Sommario!$C$12:$C$44,MATCH($B32,Sommario!$B$12:$B$44,0))),$B32=""),"",INDEX(Sommario!$C$12:$C$44,MATCH($B32,Sommario!$B$12:$B$44,0)))} | AI32: =COUNTIF(D32:AH32,$AI$11) -> 0 | AJ32: =COUNTIF(D32:AH32,$AJ$11) -> 0 | AK32: =COUNTIF(D32:AH32,$AK$11) -> 0 | AL32: =COUNTIF(D32:AH32,$AL$11) -> 0 | AM32: =COUNTIF(D32:AH32,$AM$11) -> 0 | AN32: =IF(AV10=0,0,AI32/AV10) -> #NULL! | AO32: =IF(AV10=0,0,AJ32/AV10) -> #NULL! | AP32: =IF(AV10=0,0,AK32/AV10) -> #NULL! | AQ32: =IF(AV10=0,0,AL32/AV10) -> #NULL! | AR32: =IF(AV10=0,0,AM32/AV10) -> #NULL!
B33: =IF(ISBLANK(Sommario!$B33),"",Sommario!$B33) -> 22 | C33: {=IF(OR(ISBLANK(INDEX(Sommario!$C$12:$C$44,MATCH($B33,Sommario!$B$12:$B$44,0))),$B33=""),"",INDEX(Sommario!$C$12:$C$44,MATCH($B33,Sommario!$B$12:$B$44,0)))} | AI33: =COUNTIF(D33:AH33,$AI$11) -> 0 | AJ33: =COUNTIF(D33:AH33,$AJ$11) -> 0 | AK33: =COUNTIF(D33:AH33,$AK$11) -> 0 | AL33: =COUNTIF(D33:AH33,$AL$11) -> 0 | AM33: =COUNTIF(D33:AH33,$AM$11) -> 0 | AN33: =IF(AV10=0,0,AI33/AV10) -> #NULL! | AO33: =IF(AV10=0,0,AJ33/AV10) -> #NULL! | AP33: =IF(AV10=0,0,AK33/AV10) -> #NULL! | AQ33: =IF(AV10=0,0,AL33/AV10) -> #NULL! | AR33: =IF(AV10=0,0,AM33/AV10) -> #NULL!
B34: =IF(ISBLANK(Sommario!$B34),"",Sommario!$B34) -> 23 | C34: {=IF(OR(ISBLANK(INDEX(Sommario!$C$12:$C$44,MATCH($B34,Sommario!$B$12:$B$44,0))),$B34=""),"",INDEX(Sommario!$C$12:$C$44,MATCH($B34,Sommario!$B$12:$B$44,0)))} | AI34: =COUNTIF(D34:AH34,$AI$11) -> 0 | AJ34: =COUNTIF(D34:AH34,$AJ$11) -> 0 | AK34: =COUNTIF(D34:AH34,$AK$11) -> 0 | AL34: =COUNTIF(D34:AH34,$AL$11) -> 0 | AM34: =COUNTIF(D34:AH34,$AM$11) -> 0 | AN34: =IF(AV10=0,0,AI34/AV10) -> #NULL! | AO34: =IF(AV10=0,0,AJ34/AV10) -> #NULL! | AP34: =IF(AV10=0,0,AK34/AV10) -> #NULL! | AQ34: =IF(AV10=0,0,AL34/AV10) -> #NULL! | AR34: =IF(AV10=0,0,AM34/AV10) -> #NULL!
B35: =IF(ISBLANK(Sommario!$B35),"",Sommario!$B35) -> 24 | C35: {=IF(OR(ISBLANK(INDEX(Sommario!$C$12:$C$44,MATCH($B35,Sommario!$B$12:$B$44,0))),$B35=""),"",INDEX(Sommario!$C$12:$C$44,MATCH($B35,Sommario!$B$12:$B$44,0)))} | AI35: =COUNTIF(D35:AH35,$AI$11) -> 0 | AJ35: =COUNTIF(D35:AH35,$AJ$11) -> 0 | AK35: =COUNTIF(D35:AH35,$AK$11) -> 0 | AL35: =COUNTIF(D35:AH35,$AL$11) -> 0 | AM35: =COUNTIF(D35:AH35,$AM$11) -> 0 | AN35: =IF(AV10=0,0,AI35/AV10) -> #NULL! | AO35: =IF(AV10=0,0,AJ35/AV10) -> #NULL! | AP35: =IF(AV10=0,0,AK35/AV10) -> #NULL! | AQ35: =IF(AV10=0,0,AL35/AV10) -> #NULL! | AR35: =IF(AV10=0,0,AM35/AV10) -> #NULL!
B36: =IF(ISBLANK(Sommario!$B36),"",Sommario!$B36) -> 25 | C36: {=IF(OR(ISBLANK(INDEX(Sommario!$C$12:$C$44,MATCH($B36,Sommario!$B$12:$B$44,0))),$B36=""),"",INDEX(Sommario!$C$12:$C$44,MATCH($B36,Sommario!$B$12:$B$44,0)))} | AI36: =COUNTIF(D36:AH36,$AI$11) -> 0 | AJ36: =COUNTIF(D36:AH36,$AJ$11) -> 0 | AK36: =COUNTIF(D36:AH36,$AK$11) -> 0 | AL36: =COUNTIF(D36:AH36,$AL$11) -> 0 | AM36: =COUNTIF(D36:AH36,$AM$11) -> 0 | AN36: =IF(AV10=0,0,AI36/AV10) -> #NULL! | AO36: =IF(AV10=0,0,AJ36/AV10) -> #NULL! | AP36: =IF(AV10=0,0,AK36/AV10) -> #NULL! | AQ36: =IF(AV10=0,0,AL36/AV10) -> #NULL! | AR36: =IF(AV10=0,0,AM36/AV10) -> #NULL!
B37: =IF(ISBLANK(Sommario!$B37),"",Sommario!$B37) -> 26 | C37: {=IF(OR(ISBLANK(INDEX(Sommario!$C$12:$C$44,MATCH($B37,Sommario!$B$12:$B$44,0))),$B37=""),"",INDEX(Sommario!$C$12:$C$44,MATCH($B37,Sommario!$B$12:$B$44,0)))} | AI37: =COUNTIF(D37:AH37,$AI$11) -> 0 | AJ37: =COUNTIF(D37:AH37,$AJ$11) -> 0 | AK37: =COUNTIF(D37:AH37,$AK$11) -> 0 | AL37: =COUNTIF(D37:AH37,$AL$11) -> 0 | AM37: =COUNTIF(D37:AH37,$AM$11) -> 0 | AN37: =IF(AV10=0,0,AI37/AV10) -> #NULL! | AO37: =IF(AV10=0,0,AJ37/AV10) -> #NULL! | AP37: =IF(AV10=0,0,AK37/AV10) -> #NULL! | AQ37: =IF(AV10=0,0,AL37/AV10) -> #NULL! | AR37: =IF(AV10=0,0,AM37/AV10) -> #NULL!
B38: =IF(ISBLANK(Sommario!$B38),"",Sommario!$B38) -> 27 | C38: {=IF(OR(ISBLANK(INDEX(Sommario!$C$12:$C$44,MATCH($B38,Sommario!$B$12:$B$44,0))),$B38=""),"",INDEX(Sommario!$C$12:$C$44,MATCH($B38,Sommario!$B$12:$B$44,0)))} | AI38: =COUNTIF(D38:AH38,$AI$11) -> 0 | AJ38: =COUNTIF(D38:AH38,$AJ$11) -> 0 | AK38: =COUNTIF(D38:AH38,$AK$11) -> 0 | AL38: =COUNTIF(D38:AH38,$AL$11) -> 0 | AM38: =COUNTIF(D38:AH38,$AM$11) -> 0 | AN38: =IF(AV10=0,0,AI38/AV10) -> #NULL! | AO38: =IF(AV10=0,0,AJ38/AV10) -> #NULL! | AP38: =IF(AV10=0,0,AK38/AV10) -> #NULL! | AQ38: =IF(AV10=0,0,AL38/AV10) -> #NULL! | AR38: =IF(AV10=0,0,AM38/AV10) -> #NULL!
B39: =IF(ISBLANK(Sommario!$B39),"",Sommario!$B39) -> 28 | C39: {=IF(OR(ISBLANK(INDEX(Sommario!$C$12:$C$44,MATCH($B39,Sommario!$B$12:$B$44,0))),$B39=""),"",INDEX(Sommario!$C$12:$C$44,MATCH($B39,Sommario!$B$12:$B$44,0)))} | AI39: =COUNTIF(D39:AH39,$AI$11) -> 0 | AJ39: =COUNTIF(D39:AH39,$AJ$11) -> 0 | AK39: =COUNTIF(D39:AH39,$AK$11) -> 0 | AL39: =COUNTIF(D39:AH39,$AL$11) -> 0 | AM39: =COUNTIF(D39:AH39,$AM$11) -> 0 | AN39: =IF(AV10=0,0,AI39/AV10) -> #NULL! | AO39: =IF(AV10=0,0,AJ39/AV10) -> #NULL! | AP39: =IF(AV10=0,0,AK39/AV10) -> #NULL! | AQ39: =IF(AV10=0,0,AL39/AV10) -> #NULL! | AR39: =IF(AV10=0,0,AM39/AV10) -> #NULL!
B40: =IF(ISBLANK(Sommario!$B40),"",Sommario!$B40) -> 29 | C40: {=IF(OR(ISBLANK(INDEX(Sommario!$C$12:$C$44,MATCH($B40,Sommario!$B$12:$B$44,0))),$B40=""),"",INDEX(Sommario!$C$12:$C$44,MATCH($B40,Sommario!$B$12:$B$44,0)))} | AI40: =COUNTIF(D40:AH40,$AI$11) -> 0 | AJ40: =COUNTIF(D40:AH40,$AJ$11) -> 0 | AK40: =COUNTIF(D40:AH40,$AK$11) -> 0 | AL40: =COUNTIF(D40:AH40,$AL$11) -> 0 | AM40: =COUNTIF(D40:AH40,$AM$11) -> 0 | AN40: =IF(AV10=0,0,AI40/AV10) -> #NULL! | AO40: =IF(AV10=0,0,AJ40/AV10) -> #NULL! | AP40: =IF(AV10=0,0,AK40/AV10) -> #NULL! | AQ40: =IF(AV10=0,0,AL40/AV10) -> #NULL! | AR40: =IF(AV10=0,0,AM40/AV10) -> #NULL!
B41: =IF(ISBLANK(Sommario!$B41),"",Sommario!$B41) -> 30 | C41: {=IF(OR(ISBLANK(INDEX(Sommario!$C$12:$C$44,MATCH($B41,Sommario!$B$12:$B$44,0))),$B41=""),"",INDEX(Sommario!$C$12:$C$44,MATCH($B41,Sommario!$B$12:$B$44,0)))} | AI41: =COUNTIF(D41:AH41,$AI$11) -> 0 | AJ41: =COUNTIF(D41:AH41,$AJ$11) -> 0 | AK41: =COUNTIF(D41:AH41,$AK$11) -> 0 | AL41: =COUNTIF(D41:AH41,$AL$11) -> 0 | AM41: =COUNTIF(D41:AH41,$AM$11) -> 0 | AN41: =IF(AV10=0,0,AI41/AV10) -> #NULL! | AO41: =IF(AV10=0,0,AJ41/AV10) -> #NULL! | AP41: =IF(AV10=0,0,AK41/AV10) -> #NULL! | AQ41: =IF(AV10=0,0,AL41/AV10) -> #NULL! | AR41: =IF(AV10=0,0,AM41/AV10) -> #NULL!
B42: =IF(ISBLANK(Sommario!$B42),"",Sommario!$B42) -> 31 | C42: {=IF(OR(ISBLANK(INDEX(Sommario!$C$12:$C$44,MATCH($B42,Sommario!$B$12:$B$44,0))),$B42=""),"",INDEX(Sommario!$C$12:$C$44,MATCH($B42,Sommario!$B$12:$B$44,0)))} | AI42: =COUNTIF(D42:AH42,$AI$11) -> 0 | AJ42: =COUNTIF(D42:AH42,$AJ$11) -> 0 | AK42: =COUNTIF(D42:AH42,$AK$11) -> 0 | AL42: =COUNTIF(D42:AH42,$AL$11) -> 0 | AM42: =COUNTIF(D42:AH42,$AM$11) -> 0 | AN42: =IF(AV10=0,0,AI42/AV10) -> #NULL! | AO42: =IF(AV10=0,0,AJ42/AV10) -> #NULL! | AP42: =IF(AV10=0,0,AK42/AV10) -> #NULL! | AQ42: =IF(AV10=0,0,AL42/AV10) -> #NULL! | AR42: =IF(AV10=0,0,AM42/AV10) -> #NULL!
B43: =IF(ISBLANK(Sommario!$B43),"",Sommario!$B43) -> 32 | C43: {=IF(OR(ISBLANK(INDEX(Sommario!$C$12:$C$44,MATCH($B43,Sommario!$B$12:$B$44,0))),$B43=""),"",INDEX(Sommario!$C$12:$C$44,MATCH($B43,Sommario!$B$12:$B$44,0)))} | AI43: =COUNTIF(D43:AH43,$AI$11) -> 0 | AJ43: =COUNTIF(D43:AH43,$AJ$11) -> 0 | AK43: =COUNTIF(D43:AH43,$AK$11) -> 0 | AL43: =COUNTIF(D43:AH43,$AL$11) -> 0 | AM43: =COUNTIF(D43:AH43,$AM$11) -> 0 | AN43: =IF(AV10=0,0,AI43/AV10) -> #NULL! | AO43: =IF(AV10=0,0,AJ43/AV10) -> #NULL! | AP43: =IF(AV10=0,0,AK43/AV10) -> #NULL! | AQ43: =IF(AV10=0,0,AL43/AV10) -> #NULL! | AR43: =IF(AV10=0,0,AM43/AV10) -> #NULL!
B44: Inserisci nuove linee sopra a questa
AH45: Totali | AI45: =SUM(AI12:AI44) -> 0 | AJ45: =SUM(AJ12:AJ44) -> 0 | AK45: =SUM(AK12:AK44) -> 0 | AL45: =SUM(AL12:AL44) -> 0 | AM45: =SUM(AM12:AM44) -> 0

Sheet Ottobre
B1: Registro Mensile
C2: Allenatore | D2: =IF(Sommario!$D$2="","",Sommario!$D$2) -> Inserisci dalle impostazioni | O2: Società | R2: =IF(Sommario!$D$3="","",Sommario!$D$3) -> Inserisci dalle impostazioni | AF2: Mese | AG2: October
C3: Squadra | D3: =IF(Sommario!$D$4="","",Sommario!$D$4) -> Inserisci dalle impostazioni | AF3: Anno | AG3: =Sommario!G6 -> 2025
D5: =Impostazioni!$B$19&" - "&Impostazioni!$D$19&" | "&Impostazioni!$B$20&" - "&Impostazioni!$D$20&" | "&Impostazioni!$B$21&" - "&Impostazioni!$D$21&" | "&Impostazioni!$B$22&" - "&Impostazioni!$D$22&" | "&Impostazioni!$B$23&" - "&Impostazioni!$D$23 -> P - Presente | A - Assente | R - Ritardo | E - Impegno Pallavolistico | I - Infortunio
B10: Ottobre | D10: =IF(D11="","",INDEX(weekDay,(WEEKDAY(D11,2)))) -> W | E10: =IF(E11="","",INDEX(weekDay,(WEEKDAY(E11,2)))) -> Th | F10: =IF(F11="","",INDEX(weekDay,(WEEKDAY(F11,2)))) -> F | G10: =IF(G11="","",INDEX(weekDay,(WEEKDAY(G11,2)))) -> Sa | H10: =IF(H11="","",INDEX(weekDay,(WEEKDAY(H11,2)))) -> Su | I10: =IF(I11="","",INDEX(weekDay,(WEEKDAY(I11,2)))) -> M | J10: =IF(J11="","",INDEX(weekDay,(WEEKDAY(J11,2)))) -> Tu | K10: =IF(K11="","",INDEX(weekDay,(WEEKDAY(K11,2)))) -> W | ... AH10: =IF(AH11="","",INDEX(weekDay,(WEEKDAY(AH11,2)))) -> F | AI10: Totali | AT10: Allenamenti Totali: | AV10: =SUMPRODUCT(--(MMULT(TRANSPOSE(--(D12:AH43<>"")),ROW(D12:D43)^0)>0)) -> 0
B11: ID | C11: Nome | D11: =DATE(AG3,month,1) -> 45931 | E11: =D11+1 -> 45932 | F11: =E11+1 -> 45933 | G11: =F11+1 -> 45934 | H11: =G11+1 -> 45935 | I11: =H11+1 -> 45936 | J11: =I11+1 -> 45937 | K11: =J11+1 -> 45938 | L11: =K11+1 -> 45939 | ... AE11: =AD11+1 -> 45958 | AF11: =IF(MONTH($AE11+COLUMN(AF$11)-COLUMN($AE$11))>month,"",$AE11+COLUMN(AF$11)-COLUMN($AE$11)) -> 45959 | AG11: =IF(MONTH($AE11+COLUMN(AG$11)-COLUMN($AE$11))>month,"",$AE11+COLUMN(AG$11)-COLUMN($AE$11)) -> 45960 | AH11: =IF(MONTH($AE11+COLUMN(AH$11)-COLUMN($AE$11))>month,"",$AE11+COLUMN(AH$11)-COLUMN($AE$11)) -> 45961 | AI11: =Impostazioni!$B$19 -> P | AJ11: =Impostazioni!$B$20 -> A | AK11: =Impostazioni!$B$21 -> R | AL11: =Impostazioni!$B$22 -> E | AM11: =Impostazioni!$B$23 -> I | AN11: =Impostazioni!$B$19&"%" -> P% | AO11: =Impostazioni!$B$20&"%" -> A% | AP11: =Impostazioni!$B$21&"%" -> R% | AQ11: =Impostazioni!$B$22&"%" -> E% | AR11: =Impostazioni!$B$23&"%" -> I%
B12: =IF(ISBLANK(Sommario!$B12),"",Sommario!$B12) -> 1 | C12: {=IF(OR(ISBLANK(INDEX(Sommario!$C$12:$C$44,MATCH($B12,Sommario!$B$12:$B$44,0))),$B12=""),"",INDEX(Sommario!$C$12:$C$44,MATCH($B12,Sommario!$B$12:$B$44,0)))} -> Bertozzi Isabella Mandrup | AI12: =COUNTIF(D12:AH12,$AI$11) -> 0 | AJ12: =COUNTIF(D12:AH12,$AJ$11) -> 0 | AK12: =COUNTIF(D12:AH12,$AK$11) -> 0 | AL12: =COUNTIF(D12:AH12,$AL$11) -> 0 | AM12: =COUNTIF(D12:AH12,$AM$11) -> 0 | AN12: =IF(AV10=0,0,AI12/AV10) -> #NULL! | AO12: =IF(AV10=0,0,AJ12/AV10) -> #NULL! | AP12: =IF(AV10=0,0,AK12/AV10) -> #NULL! | AQ12: =IF(AV10=0,0,AL12/AV10) -> #NULL! | AR12: =IF(AV10=0,0,AM12/AV10) -> #NULL!
B13: =IF(ISBLANK(Sommario!$B13),"",Sommario!$B13) -> 2 | C13: {=IF(OR(ISBLANK(INDEX(Sommario!$C$12:$C$44,MATCH($B13,Sommario!$B$12:$B$44,0))),$B13=""),"",INDEX(Sommario!$C$12:$C$44,MATCH($B13,Sommario!$B$12:$B$44,0)))} -> Biggi Martina | AI13: =COUNTIF(D13:AH13,$AI$11) -> 0 | AJ13: =COUNTIF(D13:AH13,$AJ$11) -> 0 | AK13: =COUNTIF(D13:AH13,$AK$11) -> 0 | AL13: =COUNTIF(D13:AH13,$AL$11) -> 0 | AM13: =COUNTIF(D13:AH13,$AM$11) -> 0 | AN13: =IF(AV10=0,0,AI13/AV10) -> #NULL! | AO13: =IF(AV10=0,0,AJ13/AV10) -> #NULL! | AP13: =IF(AV10=0,0,AK13/AV10) -> #NULL! | AQ13: =IF(AV10=0,0,AL13/AV10) -> #NULL! | AR13: =IF(AV10=0,0,AM13/AV10) -> #NULL!
B14: =IF(ISBLANK(Sommario!$B14),"",Sommario!$B14) -> 3 | C14: {=IF(OR(ISBLANK(INDEX(Sommario!$C$12:$C$44,MATCH($B14,Sommario!$B$12:$B$44,0))),$B14=""),"",INDEX(Sommario!$C$12:$C$44,MATCH($B14,Sommario!$B$12:$B$44,0)))} -> Campanale Aynalem | AI14: =COUNTIF(D14:AH14,$AI$11) -> 0 | AJ14: =COUNTIF(D14:AH14,$AJ$11) -> 0 | AK14: =COUNTIF(D14:AH14,$AK$11) -> 0 | AL14: =COUNTIF(D14:AH14,$AL$11) -> 0 | AM14: =COUNTIF(D14:AH14,$AM$11) -> 0 | AN14: =IF(AV10=0,0,AI14/AV10) -> #NULL! | AO14: =IF(AV10=0,0,AJ14/AV10) -> #NULL! | AP14: =IF(AV10=0,0,AK14/AV10) -> #NULL! | AQ14: =IF(AV10=0,0,AL14/AV10) -> #NULL! | AR14: =IF(AV10=0,0,AM14/AV10) -> #NULL!
B15: =IF(ISBLANK(Sommario!$B15),"",Sommario!$B15) -> 4 | C15: {=IF(OR(ISBLANK(INDEX(Sommario!$C$12:$C$44,MATCH($B15,Sommario!$B$12:$B$44,0))),$B15=""),"",INDEX(Sommario!$C$12:$C$44,MATCH($B15,Sommario!$B$12:$B$44,0)))} -> Carmosino Marta | AI15: =COUNTIF(D15:AH15,$AI$11) -> 0 | AJ15: =COUNTIF(D15:AH15,$AJ$11) -> 0 | AK15: =COUNTIF(D15:AH15,$AK$11) -> 0 | AL15: =COUNTIF(D15:AH15,$AL$11) -> 0 | AM15: =COUNTIF(D15:AH15,$AM$11) -> 0 | AN15: =IF(AV10=0,0,AI15/AV10) -> #NULL! | AO15: =IF(AV10=0,0,AJ15/AV10) -> #NULL! | AP15: =IF(AV10=0,0,AK15/AV10) -> #NULL! | AQ15: =IF(AV10=0,0,AL15/AV10) -> #NULL! | AR15: =IF(AV10=0,0,AM15/AV10) -> #NULL!
B16: =IF(ISBLANK(Sommario!$B16),"",Sommario!$B16) -> 5 | C16: {=IF(OR(ISBLANK(INDEX(Sommario!$C$12:$C$44,MATCH($B16,Sommario!$B$12:$B$44,0))),$B16=""),"",INDEX(Sommario!$C$12:$C$44,MATCH($B16,Sommario!$B$12:$B$44,0)))} -> Collina Marianna | AI16: =COUNTIF(D16:AH16,$AI$11) -> 0 | AJ16: =COUNTIF(D16:AH16,$AJ$11) -> 0 | AK16: =COUNTIF(D16:AH16,$AK$11) -> 0 | AL16: =COUNTIF(D16:AH16,$AL$11) -> 0 | AM16: =COUNTIF(D16:AH16,$AM$11) -> 0 | AN16: =IF(AV10=0,0,AI16/AV10) -> #NULL! | AO16: =IF(AV10=0,0,AJ16/AV10) -> #NULL! | AP16: =IF(AV10=0,0,AK16/AV10) -> #NULL! | AQ16: =IF(AV10=0,0,AL16/AV10) -> #NULL! | AR16: =IF(AV10=0,0,AM16/AV10) -> #NULL!
B17: =IF(ISBLANK(Sommario!$B17),"",Sommario!$B17) -> 6 | C17: {=IF(OR(ISBLANK(INDEX(Sommario!$C$12:$C$44,MATCH($B17,Sommario!$B$12:$B$44,0))),$B17=""),"",INDEX(Sommario!$C$12:$C$44,MATCH($B17,Sommario!$B$12:$B$44,0)))} -> D'Anna Matilde | AI17: =COUNTIF(D17:AH17,$AI$11) -> 0 | AJ17: =COUNTIF(D17:AH17,$AJ$11) -> 0 | AK17: =COUNTIF(D17:AH17,$AK$11) -> 0 | AL17: =COUNTIF(D17:AH17,$AL$11) -> 0 | AM17: =COUNTIF(D17:AH17,$AM$11) -> 0 | AN17: =IF(AV10=0,0,AI17/AV10) -> #NULL! | AO17: =IF(AV10=0,0,AJ17/AV10) -> #NULL! | AP17: =IF(AV10=0,0,AK17/AV10) -> #NULL! | AQ17: =IF(AV10=0,0,AL17/AV10) -> #NULL! | AR17: =IF(AV10=0,0,AM17/AV10) -> #NULL!
B18: =IF(ISBLANK(Sommario!$B18),"",Sommario!$B18) -> 7 | C18: {=IF(OR(ISBLANK(INDEX(Sommario!$C$12:$C$44,MATCH($B18,Sommario!$B$12:$B$44,0))),$B18=""),"",INDEX(Sommario!$C$12:$C$44,MATCH($B18,Sommario!$B$12:$B$44,0)))} -> Darretta Beatrice | AI18: =COUNTIF(D18:AH18,$AI$11) -> 0 | AJ18: =COUNTIF(D18:AH18,$AJ$11) -> 0 | AK18: =COUNTIF(D18:AH18,$AK$11) -> 0 | AL18: =COUNTIF(D18:AH18,$AL$11) -> 0 | AM18: =COUNTIF(D18:AH18,$AM$11) -> 0 | AN18: =IF(AV10=0,0,AI18/AV10) -> #NULL! | AO18: =IF(AV10=0,0,AJ18/AV10) -> #NULL! | AP18: =IF(AV10=0,0,AK18/AV10) -> #NULL! | AQ18: =IF(AV10=0,0,AL18/AV10) -> #NULL! | AR18: =IF(AV10=0,0,AM18/AV10) -> #NULL!
B19: =IF(ISBLANK(Sommario!$B19),"",Sommario!$B19) -> 8 | C19: {=IF(OR(ISBLANK(INDEX(Sommario!$C$12:$C$44,MATCH($B19,Sommario!$B$12:$B$44,0))),$B19=""),"",INDEX(Sommario!$C$12:$C$44,MATCH($B19,Sommario!$B$12:$B$44,0)))} -> Delle Piane Matilde | AI19: =COUNTIF(D19:AH19,$AI$11) -> 0 | AJ19: =COUNTIF(D19:AH19,$AJ$11) -> 0 | AK19: =COUNTIF(D19:AH19,$AK$11) -> 0 | AL19: =COUNTIF(D19:AH19,$AL$11) -> 0 | AM19: =COUNTIF(D19:AH19,$AM$11) -> 0 | AN19: =IF(AV10=0,0,AI19/AV10) -> #NULL! | AO19: =IF(AV10=0,0,AJ19/AV10) -> #NULL! | AP19: =IF(AV10=0,0,AK19/AV10) -> #NULL! | AQ19: =IF(AV10=0,0,AL19/AV10) -> #NULL! | AR19: =IF(AV10=0,0,AM19/AV10) -> #NULL!
B20: =IF(ISBLANK(Sommario!$B20),"",Sommario!$B20) -> 9 | C20: {=IF(OR(ISBLANK(INDEX(Sommario!$C$12:$C$44,MATCH($B20,Sommario!$B$12:$B$44,0))),$B20=""),"",INDEX(Sommario!$C$12:$C$44,MATCH($B20,Sommario!$B$12:$B$44,0)))} -> Di Napoli Sonia | AI20: =COUNTIF(D20:AH20,$AI$11) -> 0 | AJ20: =COUNTIF(D20:AH20,$AJ$11) -> 0 | AK20: =COUNTIF(D20:AH20,$AK$11) -> 0 | AL20: =COUNTIF(D20:AH20,$AL$11) -> 0 | AM20: =COUNTIF(D20:AH20,$AM$11) -> 0 | AN20: =IF(AV10=0,0,AI20/AV10) -> #NULL! | AO20: =IF(AV10=0,0,AJ20/AV10) -> #NULL! | AP20: =IF(AV10=0,0,AK20/AV10) -> #NULL! | AQ20: =IF(AV10=0,0,AL20/AV10) -> #NULL! | AR20: =IF(AV10=0,0,AM20/AV10) -> #NULL!
B21: =IF(ISBLANK(Sommario!$B21),"",Sommario!$B21) -> 10 | C21: {=IF(OR(ISBLANK(INDEX(Sommario!$C$12:$C$44,MATCH($B21,Sommario!$B$12:$B$44,0))),$B21=""),"",INDEX(Sommario!$C$12:$C$44,MATCH($B21,Sommario!$B$12:$B$44,0)))} -> Dicursi Federica | AI21: =COUNTIF(D21:AH21,$AI$11) -> 0 | AJ21: =COUNTIF(D21:AH21,$AJ$11) -> 0 | AK21: =COUNTIF(D21:AH21,$AK$11) -> 0 | AL21: =COUNTIF(D21:AH21,$AL$11) -> 0 | AM21: =COUNTIF(D21:AH21,$AM$11) -> 0 | AN21: =IF(AV10=0,0,AI21/AV10) -> #NULL! | AO21: =IF(AV10=0,0,AJ21/AV10) -> #NULL! | AP21: =IF(AV10=0,0,AK21/AV10) -> #NULL! | AQ21: =IF(AV10=0,0,AL21/AV10) -> #NULL! | AR21: =IF(AV10=0,0,AM21/AV10) -> #NULL!
B22: =IF(ISBLANK(Sommario!$B22),"",Sommario!$B22) -> 11 | C22: {=IF(OR(ISBLANK(INDEX(Sommario!$C$12:$C$44,MATCH($B22,Sommario!$B$12:$B$44,0))),$B22=""),"",INDEX(Sommario!$C$12:$C$44,MATCH($B22,Sommario!$B$12:$B$44,0)))} -> Galati Elisa | AI22: =COUNTIF(D22:AH22,$AI$11) -> 0 | AJ22: =COUNTIF(D22:AH22,$AJ$11) -> 0 | AK22: =COUNTIF(D22:AH22,$AK$11) -> 0 | AL22: =COUNTIF(D22:AH22,$AL$11) -> 0 | AM22: =COUNTIF(D22:AH22,$AM$11) -> 0 | AN22: =IF(AV10=0,0,AI22/AV10) -> #NULL! | AO22: =IF(AV10=0,0,AJ22/AV10) -> #NULL! | AP22: =IF(AV10=0,0,AK22/AV10) -> #NULL! | AQ22: =IF(AV10=0,0,AL22/AV10) -> #NULL! | AR22: =IF(AV10=0,0,AM22/AV10) -> #NULL!
B23: =IF(ISBLANK(Sommario!$B23),"",Sommario!$B23) -> 12 | C23: {=IF(OR(ISBLANK(INDEX(Sommario!$C$12:$C$44,MATCH($B23,Sommario!$B$12:$B$44,0))),$B23=""),"",INDEX(Sommario!$C$12:$C$44,MATCH($B23,Sommario!$B$12:$B$44,0)))} -> Gattuso Maria | AI23: =COUNTIF(D23:AH23,$AI$11) -> 0 | AJ23: =COUNTIF(D23:AH23,$AJ$11) -> 0 | AK23: =COUNTIF(D23:AH23,$AK$11) -> 0 | AL23: =COUNTIF(D23:AH23,$AL$11) -> 0 | AM23: =COUNTIF(D23:AH23,$AM$11) -> 0 | AN23: =IF(AV10=0,0,AI23/AV10) -> #NULL! | AO23: =IF(AV10=0,0,AJ23/AV10) -> #NULL! | AP23: =IF(AV10=0,0,AK23/AV10) -> #NULL! | AQ23: =IF(AV10=0,0,AL23/AV10) -> #NULL! | AR23: =IF(AV10=0,0,AM23/AV10) -> #NULL!
B24: =IF(ISBLANK(Sommario!$B24),"",Sommario!$B24) -> 13 | C24: {=IF(OR(ISBLANK(INDEX(Sommario!$C$12:$C$44,MATCH($B24,Sommario!$B$12:$B$44,0))),$B24=""),"",INDEX(Sommario!$C$12:$C$44,MATCH($B24,Sommario!$B$12:$B$44,0)))} -> Gottero Isabel | AI24: =COUNTIF(D24:AH24,$AI$11) -> 0 | AJ24: =COUNTIF(D24:AH24,$AJ$11) -> 0 | AK24: =COUNTIF(D24:AH24,$AK$11) -> 0 | AL24: =COUNTIF(D24:AH24,$AL$11) -> 0 | AM24: =COUNTIF(D24:AH24,$AM$11) -> 0 | AN24: =IF(AV10=0,0,AI24/AV10) -> #NULL! | AO24: =IF(AV10=0,0,AJ24/AV10) -> #NULL! | AP24: =IF(AV10=0,0,AK24/AV10) -> #NULL! | AQ24: =IF(AV10=0,0,AL24/AV10) -> #NULL! | AR24: =IF(AV10=0,0,AM24/AV10) -> #NULL!
B25: =IF(ISBLANK(Sommario!$B25),"",Sommario!$B25) -> 14 | C25: {=IF(OR(ISBLANK(INDEX(Sommario!$C$12:$C$44,MATCH($B25,Sommario!$B$12:$B$44,0))),$B25=""),"",INDEX(Sommario!$C$12:$C$44,MATCH($B25,Sommario!$B$12:$B$44,0)))} -> Lacetera Eleonora | AI25: =COUNTIF(D25:AH25,$AI$11) -> 0 | AJ25: =COUNTIF(D25:AH25,$AJ$11) -> 0 | AK25: =COUNTIF(D25:AH25,$AK$11) -> 0 | AL25: =COUNTIF(D25:AH25,$AL$11) -> 0 | AM25: =COUNTIF(D25:AH25,$AM$11) -> 0 | AN25: =IF(AV10=0,0,AI25/AV10) -> #NULL! | AO25: =IF(AV10=0,0,AJ25/AV10) -> #NULL! | AP25: =IF(AV10=0,0,AK25/AV10) -> #NULL! | AQ25: =IF(AV10=0,0,AL25/AV10) -> #NULL! | AR25: =IF(AV10=0,0,AM25/AV10) -> #NULL!
B26: =IF(ISBLANK(Sommario!$B26),"",Sommario!$B26) -> 15 | C26: {=IF(OR(ISBLANK(INDEX(Sommario!$C$12:$C$44,MATCH($B26,Sommario!$B$12:$B$44,0))),$B26=""),"",INDEX(Sommario!$C$12:$C$44,MATCH($B26,Sommario!$B$12:$B$44,0)))} -> Maretto Camilla | AI26: =COUNTIF(D26:AH26,$AI$11) -> 0 | AJ26: =COUNTIF(D26:AH26,$AJ$11) -> 0 | AK26: =COUNTIF(D26:AH26,$AK$11) -> 0 | AL26: =COUNTIF(D26:AH26,$AL$11) -> 0 | AM26: =COUNTIF(D26:AH26,$AM$11) -> 0 | AN26: =IF(AV10=0,0,AI26/AV10) -> #NULL! | AO26: =IF(AV10=0,0,AJ26/AV10) -> #NULL! | AP26: =IF(AV10=0,0,AK26/AV10) -> #NULL! | AQ26: =IF(AV10=0,0,AL26/AV10) -> #NULL! | AR26: =IF(AV10=0,0,AM26/AV10) -> #NULL!
B27: =IF(ISBLANK(Sommario!$B27),"",Sommario!$B27) -> 16 | C27: {=IF(OR(ISBLANK(INDEX(Sommario!$C$12:$C$44,MATCH($B27,Sommario!$B$12:$B$44,0))),$B27=""),"",INDEX(Sommario!$C$12:$C$44,MATCH($B27,Sommario!$B$12:$B$44,0)))} -> Masi Martina | AI27: =COUNTIF(D27:AH27,$AI$11) -> 0 | AJ27: =COUNTIF(D27:AH27,$AJ$11) -> 0 | AK27: =COUNTIF(D27:AH27,$AK$11) -> 0 | AL27: =COUNTIF(D27:AH27,$AL$11) -> 0 | AM27: =COUNTIF(D27:AH27,$AM$11) -> 0 | AN27: =IF(AV10=0,0,AI27/AV10) -> #NULL! | AO27: =IF(AV10=0,0,AJ27/AV10) -> #NULL! | AP27: =IF(AV10=0,0,AK27/AV10) -> #NULL! | AQ27: =IF(AV10=0,0,AL27/AV10) -> #NULL! | AR27: =IF(AV10=0,0,AM27/AV10) -> #NULL!
B28: =IF(ISBLANK(Sommario!$B28),"",Sommario!$B28) -> 17 | C28: {=IF(OR(ISBLANK(INDEX(Sommario!$C$12:$C$44,MATCH($B28,Sommario!$B$12:$B$44,0))),$B28=""),"",INDEX(Sommario!$C$12:$C$44,MATCH($B28,Sommario!$B$12:$B$44,0)))} -> Odescalchi Beatrice | AI28: =COUNTIF(D28:AH28,$AI$11) -> 0 | AJ28: =COUNTIF(D28:AH28,$AJ$11) -> 0 | AK28: =COUNTIF(D28:AH28,$AK$11) -> 0 | AL28: =COUNTIF(D28:AH28,$AL$11) -> 0 | AM28: =COUNTIF(D28:AH28,$AM$11) -> 0 | AN28: =IF(AV10=0,0,AI28/AV10) -> #NULL! | AO28: =IF(AV10=0,0,AJ28/AV10) -> #NULL! | AP28: =IF(AV10=0,0,AK28/AV10) -> #NULL! | AQ28: =IF(AV10=0,0,AL28/AV10) -> #NULL! | AR28: =IF(AV10=0,0,AM28/AV10) -> #NULL!
B29: =IF(ISBLANK(Sommario!$B29),"",Sommario!$B29) -> 18 | C29: {=IF(OR(ISBLANK(INDEX(Sommario!$C$12:$C$44,MATCH($B29,Sommario!$B$12:$B$44,0))),$B29=""),"",INDEX(Sommario!$C$12:$C$44,MATCH($B29,Sommario!$B$12:$B$44,0)))} -> Romaniello Emma | AI29: =COUNTIF(D29:AH29,$AI$11) -> 0 | AJ29: =COUNTIF(D29:AH29,$AJ$11) -> 0 | AK29: =COUNTIF(D29:AH29,$AK$11) -> 0 | AL29: =COUNTIF(D29:AH29,$AL$11) -> 0 | AM29: =COUNTIF(D29:AH29,$AM$11) -> 0 | AN29: =IF(AV10=0,0,AI29/AV10) -> #NULL! | AO29: =IF(AV10=0,0,AJ29/AV10) -> #NULL! | AP29: =IF(AV10=0,0,AK29/AV10) -> #NULL! | AQ29: =IF(AV10=0,0,AL29/AV10) -> #NULL! | AR29: =IF(AV10=0,0,AM29/AV10) -> #NULL!
B30: =IF(ISBLANK(Sommario!$B30),"",Sommario!$B30) -> 19 | C30: {=IF(OR(ISBLANK(INDEX(Sommario!$C$12:$C$44,MATCH($B30,Sommario!$B$12:$B$44,0))),$B30=""),"",INDEX(Sommario!$C$12:$C$44,MATCH($B30,Sommario!$B$12:$B$44,0)))} -> Sampietro Giada | AI30: =COUNTIF(D30:AH30,$AI$11) -> 0 | AJ30: =COUNTIF(D30:AH30,$AJ$11) -> 0 | AK30: =COUNTIF(D30:AH30,$AK$11) -> 0 | AL30: =COUNTIF(D30:AH30,$AL$11) -> 0 | AM30: =COUNTIF(D30:AH30,$AM$11) -> 0 | AN30: =IF(AV10=0,0,AI30/AV10) -> #NULL! | AO30: =IF(AV10=0,0,AJ30/AV10) -> #NULL! | AP30: =IF(AV10=0,0,AK30/AV10) -> #NULL! | AQ30: =IF(AV10=0,0,AL30/AV10) -> #NULL! | AR30: =IF(AV10=0,0,AM30/AV10) -> #NULL!
B31: =IF(ISBLANK(Sommario!$B31),"",Sommario!$B31) -> 20 | C31: {=IF(OR(ISBLANK(INDEX(Sommario!$C$12:$C$44,MATCH($B31,Sommario!$B$12:$B$44,0))),$B31=""),"",INDEX(Sommario!$C$12:$C$44,MATCH($B31,Sommario!$B$12:$B$44,0)))} -> Umer Ludovica | AI31: =COUNTIF(D31:AH31,$AI$11) -> 0 | AJ31: =COUNTIF(D31:AH31,$AJ$11) -> 0 | AK31: =COUNTIF(D31:AH31,$AK$11) -> 0 | AL31: =COUNTIF(D31:AH31,$AL$11) -> 0 | AM31: =COUNTIF(D31:AH31,$AM$11) -> 0 | AN31: =IF(AV10=0,0,AI31/AV10) -> #NULL! | AO31: =IF(AV10=0,0,AJ31/AV10) -> #NULL! | AP31: =IF(AV10=0,0,AK31/AV10) -> #NULL! | AQ31: =IF(AV10=0,0,AL31/AV10) -> #NULL! | AR31: =IF(AV10=0,0,AM31/AV10) -> #NULL!
B32: =IF(ISBLANK(Sommario!$B32),"",Sommario!$B32) -> 21 | C32: {=IF(OR(ISBLANK(INDEX(Sommario!$C$12:$C$44,MATCH($B32,Sommario!$B$12:$B$44,0))),$B32=""),"",INDEX(Sommario!$C$12:$C$44,MATCH($B32,Sommario!$B$12:$B$44,0)))} | AI32: =COUNTIF(D32:AH32,$AI$11) -> 0 | AJ32: =COUNTIF(D32:AH32,$AJ$11) -> 0 | AK32: =COUNTIF(D32:AH32,$AK$11) -> 0 | AL32: =COUNTIF(D32:AH32,$AL$11) -> 0 | AM32: =COUNTIF(D32:AH32,$AM$11) -> 0 | AN32: =IF(AV10=0,0,AI32/AV10) -> #NULL! | AO32: =IF(AV10=0,0,AJ32/AV10) -> #NULL! | AP32: =IF(AV10=0,0,AK32/AV10) -> #NULL! | AQ32: =IF(AV10=0,0,AL32/AV10) -> #NULL! | AR32: =IF(AV10=0,0,AM32/AV10) -> #NULL!
B33: =IF(ISBLANK(Sommario!$B33),"",Sommario!$B33) -> 22 | C33: {=IF(OR(ISBLANK(INDEX(Sommario!$C$12:$C$44,MATCH($B33,Sommario!$B$12:$B$44,0))),$B33=""),"",INDEX(Sommario!$C$12:$C$44,MATCH($B33,Sommario!$B$12:$B$44,0)))} | AI33: =COUNTIF(D33:AH33,$AI$11) -> 0 | AJ33: =COUNTIF(D33:AH33,$AJ$11) -> 0 | AK33: =COUNTIF(D33:AH33,$AK$11) -> 0 | AL33: =COUNTIF(D33:AH33,$AL$11) -> 0 | AM33: =COUNTIF(D33:AH33,$AM$11) -> 0 | AN33: =IF(AV10=0,0,AI33/AV10) -> #NULL! | AO33: =IF(AV10=0,0,AJ33/AV10) -> #NULL! | AP33: =IF(AV10=0,0,AK33/AV10) -> #NULL! | AQ33: =IF(AV10=0,0,AL33/AV10) -> #NULL! | AR33: =IF(AV10=0,0,AM33/AV10) -> #NULL!
B34: =IF(ISBLANK(Sommario!$B34),"",Sommario!$B34) -> 23 | C34: {=IF(OR(ISBLANK(INDEX(Sommario!$C$12:$C$44,MATCH($B34,Sommario!$B$12:$B$44,0))),$B34=""),"",INDEX(Sommario!$C$12:$C$44,MATCH($B34,Sommario!$B$12:$B$44,0)))} | AI34: =COUNTIF(D34:AH34,$AI$11) -> 0 | AJ34: =COUNTIF(D34:AH34,$AJ$11) -> 0 | AK34: =COUNTIF(D34:AH34,$AK$11) -> 0 | AL34: =COUNTIF(D34:AH34,$AL$11) -> 0 | AM34: =COUNTIF(D34:AH34,$AM$11) -> 0 | AN34: =IF(AV10=0,0,AI34/AV10) -> #NULL! | AO34: =IF(AV10=0,0,AJ34/AV10) -> #NULL! | AP34: =IF(AV10=0,0,AK34/AV10) -> #NULL! | AQ34: =IF(AV10=0,0,AL34/AV10) -> #NULL! | AR34: =IF(AV10=0,0,AM34/AV10) -> #NULL!
B35: =IF(ISBLANK(Sommario!$B35),"",Sommario!$B35) -> 24 | C35: {=IF(OR(ISBLANK(INDEX(Sommario!$C$12:$C$44,MATCH($B35,Sommario!$B$12:$B$44,0))),$B35=""),"",INDEX(Sommario!$C$12:$C$44,MATCH($B35,Sommario!$B$12:$B$44,0)))} | AI35: =COUNTIF(D35:AH35,$AI$11) -> 0 | AJ35: =COUNTIF(D35:AH35,$AJ$11) -> 0 | AK35: =COUNTIF(D35:AH35,$AK$11) -> 0 | AL35: =COUNTIF(D35:AH35,$AL$11) -> 0 | AM35: =COUNTIF(D35:AH35,$AM$11) -> 0 | AN35: =IF(AV10=0,0,AI35/AV10) -> #NULL! | AO35: =IF(AV10=0,0,AJ35/AV10) -> #NULL! | AP35: =IF(AV10=0,0,AK35/AV10) -> #NULL! | AQ35: =IF(AV10=0,0,AL35/AV10) -> #NULL! | AR35: =IF(AV10=0,0,AM35/AV10) -> #NULL!
B36: =IF(ISBLANK(Sommario!$B36),"",Sommario!$B36) -> 25 | C36: {=IF(OR(ISBLANK(INDEX(Sommario!$C$12:$C$44,MATCH($B36,Sommario!$B$12:$B$44,0))),$B36=""),"",INDEX(Sommario!$C$12:$C$44,MATCH($B36,Sommario!$B$12:$B$44,0)))} | AI36: =COUNTIF(D36:AH36,$AI$11) -> 0 | AJ36: =COUNTIF(D36:AH36,$AJ$11) -> 0 | AK36: =COUNTIF(D36:AH36,$AK$11) -> 0 | AL36: =COUNTIF(D36:AH36,$AL$11) -> 0 | AM36: =COUNTIF(D36:AH36,$AM$11) -> 0 | AN36: =IF(AV10=0,0,AI36/AV10) -> #NULL! | AO36: =IF(AV10=0,0,AJ36/AV10) -> #NULL! | AP36: =IF(AV10=0,0,AK36/AV10) -> #NULL! | AQ36: =IF(AV10=0,0,AL36/AV10) -> #NULL! | AR36: =IF(AV10=0,0,AM36/AV10) -> #NULL!
B37: =IF(ISBLANK(Sommario!$B37),"",Sommario!$B37) -> 26 | C37: {=IF(OR(ISBLANK(INDEX(Sommario!$C$12:$C$44,MATCH($B37,Sommario!$B$12:$B$44,0))),$B37=""),"",INDEX(Sommario!$C$12:$C$44,MATCH($B37,Sommario!$B$12:$B$44,0)))} | AI37: =COUNTIF(D37:AH37,$AI$11) -> 0 | AJ37: =COUNTIF(D37:AH37,$AJ$11) -> 0 | AK37: =COUNTIF(D37:AH37,$AK$11) -> 0 | AL37: =COUNTIF(D37:AH37,$AL$11) -> 0 | AM37: =COUNTIF(D37:AH37,$AM$11) -> 0 | AN37: =IF(AV10=0,0,AI37/AV10) -> #NULL! | AO37: =IF(AV10=0,0,AJ37/AV10) -> #NULL! | AP37: =IF(AV10=0,0,AK37/AV10) -> #NULL! | AQ37: =IF(AV10=0,0,AL37/AV10) -> #NULL! | AR37: =IF(AV10=0,0,AM37/AV10) -> #NULL!
B38: =IF(ISBLANK(Sommario!$B38),"",Sommario!$B38) -> 27 | C38: {=IF(OR(ISBLANK(INDEX(Sommario!$C$12:$C$44,MATCH($B38,Sommario!$B$12:$B$44,0))),$B38=""),"",INDEX(Sommario!$C$12:$C$44,MATCH($B38,Sommario!$B$12:$B$44,0)))} | AI38: =COUNTIF(D38:AH38,$AI$11) -> 0 | AJ38: =COUNTIF(D38:AH38,$AJ$11) -> 0 | AK38: =COUNTIF(D38:AH38,$AK$11) -> 0 | AL38: =COUNTIF(D38:AH38,$AL$11) -> 0 | AM38: =COUNTIF(D38:AH38,$AM$11) -> 0 | AN38: =IF(AV10=0,0,AI38/AV10) -> #NULL! | AO38: =IF(AV10=0,0,AJ38/AV10) -> #NULL! | AP38: =IF(AV10=0,0,AK38/AV10) -> #NULL! | AQ38: =IF(AV10=0,0,AL38/AV10) -> #NULL! | AR38: =IF(AV10=0,0,AM38/AV10) -> #NULL!
B39: =IF(ISBLANK(Sommario!$B39),"",Sommario!$B39) -> 28 | C39: {=IF(OR(ISBLANK(INDEX(Sommario!$C$12:$C$44,MATCH($B39,Sommario!$B$12:$B$44,0))),$B39=""),"",INDEX(Sommario!$C$12:$C$44,MATCH($B39,Sommario!$B$12:$B$44,0)))} | AI39: =COUNTIF(D39:AH39,$AI$11) -> 0 | AJ39: =COUNTIF(D39:AH39,$AJ$11) -> 0 | AK39: =COUNTIF(D39:AH39,$AK$11) -> 0 | AL39: =COUNTIF(D39:AH39,$AL$11) -> 0 | AM39: =COUNTIF(D39:AH39,$AM$11) -> 0 | AN39: =IF(AV10=0,0,AI39/AV10) -> #NULL! | AO39: =IF(AV10=0,0,AJ39/AV10) -> #NULL! | AP39: =IF(AV10=0,0,AK39/AV10) -> #NULL! | AQ39: =IF(AV10=0,0,AL39/AV10) -> #NULL! | AR39: =IF(AV10=0,0,AM39/AV10) -> #NULL!
B40: =IF(ISBLANK(Sommario!$B40),"",Sommario!$B40) -> 29 | C40: {=IF(OR(ISBLANK(INDEX(Sommario!$C$12:$C$44,MATCH($B40,Sommario!$B$12:$B$44,0))),$B40=""),"",INDEX(Sommario!$C$12:$C$44,MATCH($B40,Sommario!$B$12:$B$44,0)))} | AI40: =COUNTIF(D40:AH40,$AI$11) -> 0 | AJ40: =COUNTIF(D40:AH40,$AJ$11) -> 0 | AK40: =COUNTIF(D40:AH40,$AK$11) -> 0 | AL40: =COUNTIF(D40:AH40,$AL$11) -> 0 | AM40: =COUNTIF(D40:AH40,$AM$11) -> 0 | AN40: =IF(AV10=0,0,AI40/AV10) -> #NULL! | AO40: =IF(AV10=0,0,AJ40/AV10) -> #NULL! | AP40: =IF(AV10=0,0,AK40/AV10) -> #NULL! | AQ40: =IF(AV10=0,0,AL40/AV10) -> #NULL! | AR40: =IF(AV10=0,0,AM40/AV10) -> #NULL!
